中药名,拼音,英语名,拉丁名,科目,用药部位,含量测定,性味,归经,功能,主治,注意
—枝黄花,Yizhihuanghua,SOLIDAGINIS HERBA, SoLidago decurrens Lour.,菊科,干燥全草,含无水芦丁（C27 H30O16）不得少于 0.10%。,辛、苦，凉,归肺、肝经,清热解毒，疏散风热,用于喉痹， 乳蛾， 咽喉肿痛， 疮疳肿毒，风热感冒,
丁公藤,Dinggongteng,ERYCIBES CAULIS, Erycibe obtusifolia Benth.,旋花科,或光叶丁公藤、干燥藤茎,含东蔑若内酯（C】。H8O4）不得少于 0.050%。, 辛，温; 有小毒,归肝、脾、胃经,祛风除湿，消肿止痛,用于风湿痹痛，半 身不遂，跌扑肿痛," 本品有强烈的发汗作用,虚弱者慎用；孕妇禁用。"
丁香,Dingxiang,CARYOPHYLLI FLOS, Eugenia caryophyllata Thunb.,桃金娘科,干燥花蕾,丁香酚（C10H12O2）不得少于 11. 0%。,辛，温,归脾、胃、肺、肾经,温中降逆，补肾助阳,用于脾胃虚寒，呃 逆呕吐，食少吐泻，心腹冷痛， 肾虚阳痿,不宜与郁金同用。
八角茴香,Bajiaohuixiang,ANISI STELLATI FRUCTUS, Illicium verum Hook. f.,木兰科,干燥成熟果实,挥发油不得少于 4.0%（ml/g）,辛，温,归肝、肾、脾、胃经,温阳散寒，理气止痛,用于寒疝腹痛，肾 虚腰痛，胃寒呕吐，脫腹冷痛,
人工牛黄,Rengong Niuhuang,BOVIS CALCULUS ARTIFACTUS,,,,含胆酸（C24H40O5）不得少于,甘，凉,归心、肝经,清热解毒，化痰定惊,用于痰热澹狂，神 昏不语，小儿急惊风，咽喉肿痛，口舌生疮， 痈肿疔疮,孕妇慎用。
人参,Renshen,GINSENG RADIX ET RHIZOMA, Pana ,五加科,工、干燥根和根茎,"含人参皂^Rgl（C42H72O14）和人参 皂昔Re（C48 H82 0]8）的总量不得少于 0. 30%,人参皂昔 Rb] （C54 H92 O23）不得少于 0. 20% o", 甘、微苦，微温,归脾、肺、心、肾经," 大补元气， 复脉固脱，补脾益月市，生津养血, 安神益智","用于体虚欲脱，肢冷脉微，脾虚食少， 肺虚喘咳， 津伤口渴，内热消渴，气血亏虚，久病虚羸，惊悸失眠,阳痿宫冷", 不宜与藜芦、五灵脂同用。
人参叶,Renshenye,GINSENG FOLIUM, Panax ginseng C. A. Mey.,五加科,干燥叶,人参皂昔 Rgi （C42H72O14） 和人参皂昔Re（C48H82O18）的总量不得少于 2. 25%。,苦、甘，寒,归肺、胃经,补气，益肺，祛暑，生津,用于气虚咳嗽， 暑热烦躁， 津伤口渴，头目不清，四肢倦乏,不宜与藜芦、五灵脂同用。
JL 茶,Ercha,CATECHU, Acacia catechu （L. f. ） Willd.,豆科,去皮枝干干燥煎膏,儿茶素（C】5 H14。6）和表儿茶素（C】5 H14 O6） 的总 量不得少于 21.0%。,"苦、涩, 微寒",归肺、心经,活血止痛，止血生肌，收湿敛疮，清肺化 痰,用于跌扑伤痛， 外伤出血， 吐血紙血，疮疡不敛，湿疹、湿 疮， 肺热咳嗽,
九里香,Jiulixiang,MURRAYAE FOLIUM ET CACUMEN, Murraya exotica L. ,芸香科,和千里香、干燥叶和带叶嫩枝,,辛、微苦，温;有小毒,归肝、胃经,行气止痛，活血散瘀,用于胃痛，风湿痹 痛； 外治牙痛，跌扑肿痛， 虫蛇咬伤,
九香虫,Jiuxiangchong,ASPONGOPUS, Aspongopus chinensis Dallas ,靖科,干燥体,,咸，温,归肝、脾、肾经, 理气止痛，温中助阳,用于胃寒胀痛，肝 胃气痛，肾虚阳痿，腰膝酸痛,
刀豆,Daodou,CANAVALIAE SEMEN, Canavalia gladiata （Jacq. ）DC.,豆科,干燥成熟种子,,甘，温,归胃、肾经,温中， 下气， 止呃,用于虚寒呃逆，呕吐,
三七,Sanqi,NOTOGINSENG RADIX ET RHIZOMA, Panax notogitiseng （ Burk.） F. H. Chen ,五加科,干燥根和根茎,含人参皂昔 Rgi（C42 H72O14）.A 参 皂,甘、微苦，温,归肝、胃经,散瘀止血，消肿定痛,"用于咯血，吐血, 組血， 便血，崩漏，外伤出血，胸腹刺痛， 跌扑肿痛",孕妇慎用。
三白草,Sanbaicao,SAURURI HERBA, Saururus chinensis （Lour.）,三白草科,,含三白草酮（C2H20 O6 ）不得少于 0.10%。,甘、辛，寒,归肺、膀胱经,利尿消肿，清热解毒,用于水肿，小便不 利， 淋沥涩痛，带下；外治疮疡肿毒，湿疹,
三棱,Sanleng,SPARGANII RHIZOMA, Sparganium stoloniferum Buch. ,黑三棱科,、干燥块茎,,辛、苦，平,归肝、脾经,破血行气，消积止痛,用于癥痕痞块，痛 经， 瘀血经闭，胸痹心痛， 食积胀痛, 孕妇禁用；不宜与芒硝、玄明粉同用。
三颗针,Sankezhen,BERBERIDIS RADIX, Berberis soulieana Schneid.,小槩科,小黄连刺、细叶小槩、或匙叶小璧、等同属数种植物干燥根,含盐酸小榮碱（C20H17NO4 - HC1） 不得少于 0.60%。, 苦，寒; 有毒,归肝、胃、大肠经,清热燥湿，泻火解毒,用于湿热泻痢，黄 疸， 湿疹，咽痛目赤，聘耳流脓， 痈肿疮毒,
干姜,Ganjiang,ZINGIBERIS RHIZOMA, Zingiber officinale Rose.,姜科,干燥根茎,挥发油不得少于 0.8%（ml/g）,辛，热,归脾、胃、肾、心、肺经, 温中散寒，回阳通脉， 温肺化饮,用于胱腹冷痛，呕吐泄泻，肢冷脉微， 寒饮喘咳,
炮姜,Paojiang,ZINGIBERIS RHIZOMA PRAEPARATUM,,,,含 6-姜辣素（C17 H26 04 ）不得少于 0.30%。,辛，热,归脾、胃、肾经,温经止血，温中止痛,用于阳虚失血，吐 翊崩漏，脾胃虚寒，腹痛吐泻,
干漆,Ganqi,TOXICODENDRI RESINA,,,,,辛，温；有毒,归肝、脾经,破瘀通经，消积杀虫,用于瘀血经闭，癥 痕积聚，虫积腹痛,孕妇及对漆过敏者禁用。
土木香,Tumuxiang,INULAE RADIX, Inula helenium L.,菊科,干燥根,含土木香内酯（C15 H20O2）和异土木 香,辛、苦，温,归肝、脾经,健脾和胃，行气止痛，安胎,用于胸胁、 脱腹胀痛， 呕吐泻痢，胸胁挫伤，岔气作痛， 胎动不安,
土贝母,Tubeimu,BOLBOSTEMMATIS RHIZOMA, Bolbostemma paniculatum（Maxim. ）Franquet ,葫芦科,干燥块茎,含土贝母昔甲（C63H98O29）不得少于 1.0%。,"苦,微寒",归肺、脾经,解毒，散结，消肿,用于乳痈，瘪痂， 痰核,
土荆皮,Tujingpi,PSEUDOLARICIS CORTEX, Pseudolarix amabilis （Nelson）Rehd.,松科,干燥根皮或近根树皮,含土荆皮乙酸（C23 H28。8）不得少于 0.25%。,辛，温;有毒,归肺、脾经, 杀虫， 疗癣， 止痒,用于疥癣瘙痒,
土茯苓,Tufuling,SMILACIS GLABRAE RHIZOMA,Smilax glabra Roxb.,百合科,干燥根茎, 含落新妇#（ C21 H22On） 不得少于,甘、淡，平,归肝、胃经,解毒， 除湿， 通利关节,用于梅毒及汞 中毒所致的肢体拘挛，筋骨疼痛；湿热淋浊， 带下， 痈肿， 瘪 痂，疥癣,
土鳖虫（蜃虫）,Tubiechong,EUPOLYPHAGA STELEOPHAGA, Eupolyphaga sinensis Walker ,鳖蝶科,或冀地鳖、雌虫干燥体,,咸，寒；有小毒,归肝经,破血逐瘀，续筋接骨,用于跌打损伤，筋 伤骨折，血瘀经闭，产后瘀阻腹痛，癥瘢痞块,孕妇禁用。
大叶紫珠,Dayezizhu,CALLICARPAE MACROPHYLLAE FOLIUM, Callicarpa macrophylla Vahl ,马鞭草科,干燥叶或带叶嫩枝, 含毛蕊花糖^（C29H36O15）不得少于 0.15%。,辛、苦，平,归肝、肺、胃经, 散瘀止血，消肿止痛,用于通血，咯血， 吐血，便血，外伤出血， 跌扑肿痛,
大血藤,Da xueteng,SARGENTODOXAE CAULIS, Sargentodoxa cuneata,木通科,、干燥藤茎,含总酚以没食子酸（C7H8O6）计不 得少于 6.8%。, 苦，平,归大肠、肝经,清热解毒，活血，祛风止痛,用于肠痈腹 痛， 热毒疮疡，经闭，痛经，跌扑肿痛， 风湿痹痛,
大豆黄卷,Dadouhuangjuan,SOJAE SEMEN GERMINATUM, Glycine max（L. ）Merr.,豆科,成熟种子经发芽干燥炮制加工品, 含大豆（C21 H20 O9）和染料木昔（C21H20O10）的总量不得少于 0. 080%。,甘，平,归脾、胃、肺经,解表祛暑，清热利湿,用于暑湿感冒，湿 温初起，发热汗少，胸闷脱痞， 肢体酸重，小便不利,
大皂角,Dazaojiao,GLEDITSIAE SINENSIS FRUCTUS, Gleditsia sinensis Lam. ,豆科,干燥成熟果实,, 辛、咸，温;有小毒,归肺、大肠经,祛痰开窍，散结消肿,用于中风口噤，昏 迷不醒，癫痫痰盛，关窍不通，喉痹痰阻，顽痰喘咳，咳痰不爽， 大便燥结; 外治痈肿, 孕妇及咯血、吐血患者忌服。
大青叶,Daqingye,ISATIDIS FOLIUM, Isatis indigotica Fort.,十字花科,干燥叶,含靛玉红（CM Hlo N2O2）不得少于 0.020%。,苦，寒,归心、胃经,清热解毒，凉血消斑,用于温病高热，神 昏， 发斑发疹，瘴腮，喉痹，丹毒，痈肿,
大青盐,Daqingyan,HALITUM,,,,氯化钠（NaCD 不得少于 97. 0%。,咸，寒,归心、肾、膀胱经,清热，凉血，明目,用于吐血，尿血，牙龈肿痛出血， 目赤肿痛，风眼烂弦,水肿者慎用。
大枣,Daza。,JUJUBAE FRUCTUS, Ziziphus jujuba Mill.,鼠李科,干燥成熟果实,, 甘，温,归脾、胃、心经, 补中益气，养血安神,用于脾虚食少，乏力便澹，妇人脏躁,
大黄,Dahuang,RHEI RADIX ET RHIZOMA, Rheum palmatum L.,蓼科,唐古特大黄、或药用大黄、干燥根和根茎,含总蔥醍以芦荟大黄素 （C15H10O5）、,清上焦血分热毒，用于目赤咽肿、齿龈肿痛,熟大黄泻下力缓、泻火解毒，用于 火毒疮疡，大黄炭凉血化瘀止血， 用于血热有瘀出血症,,, 孕妇及月经期、哺乳期慎用。
大蒜,Dasuan,ALLII SATIVI BULBUS, Allium sativum L.,百合科,鳞茎,含大蒜素（ C6H1O S3 ） 不得少 于 0., 辛，温,归脾、胃、肺经, 解毒消肿，杀虫，止痢,用于痈肿疮疡， 疥癣，肺痔，顿咳，泄泻，痢疾,
大蓟,Daji,CIRSII JAPONICI HERBA, Cirsium japonicum Fisch,菊科,、干燥地上部分,含柳穿鱼叶#（C28H34O15）不得少于 0., 甘、苦，凉,归心、肝经,凉血止血，散瘀解毒消痈,用于虹血，吐 血， 尿血，便血，崩漏，外伤出血，痈肿疮毒,
大蓟炭,Dajitan,CIRSII JAPONICI HERBA CARBONISATA,,,,,苦、涩，凉,归心、肝经,  凉血止血,用于通血，吐血，尿血，便血，,
大腹皮,Dafupi,ARECAE PERICARPIUM, Areca catechu L.,棕桐科,干燥果皮,,,,,,
山麦冬,Shanmaidong,LIRIOPES RADIX, Liriope spicata （Thunb.） Lour. var. prolifera Y. T. Ma ,百合科,或短葦山麦冬、,,甘、微苦，微寒,归心、肺、胃经,养阴生津， 润肺清心,用于肺燥干咳， 阴虚痔嗽，喉痹咽痛，津伤口渴， 内热消渴，心烦失眠，肠燥 便秘,
山豆根,Shandougen,SOPHORAE TONKINENSIS RADIX ET RHIZOMA, Sophora tonkinensis Gagnep.,豆科,干燥根和根茎,含苦参碱（C】5 H24 卬 0）和氧化苦参 碱（C15H24N2O2）的总量不得少于 0.70%。,苦，寒；有毒,归肺、胃经,清热解毒， 消肿利咽,用于火毒蕴结，乳 蛾喉痹，咽喉肿痛，齿龈肿痛， 口舌生疮,
山茱萸,Shanzhuyu,CORNIFRUCTUS, Cornus officinalis Sieb. et Zucc. ,山茱萸科,干燥成熟果肉,含莫诺昔（Cw H26 On）和马钱昔（C”,酸、涩，微温,归肝、肾经,补益肝肾， 收涩固脱,用于眩晕耳鸣，腰 膝酸痛，阳痿遗精，遗尿尿频， 崩漏带下，大汗虚脱，内热消渴,
山药,Shanyao,DIOSCOREAE RHIZOMA, Dioscorea opposita Thunb.,薯赣科,干燥根茎,,甘，平,归脾、肺、肾经,补脾养胃，生津益肺，补肾涩精,用于脾 虚食少，久泻不止，肺虚喘咳，肾虚遗精，带下，尿频，虚热消 渴，魏炒山药补脾健胃，用于脾虚食少， 泄泻便澹，白带过多,
山奈,Shannai,KAEMPFERIAE RHIZOMA, Kaempferia galanga L.,姜科,干燥根茎,挥发油不得少于 4. 5%（ml/g）。, 辛，温,归胃经,行气温中，消食，止痛,用于胸膈胀满， 胱腹冷痛， 饮食不消,
山香圆叶,Shanxiangyuanye,TURPINIAE FOLIUM, Turpinia arguta Seem.,省沽油科,干燥叶,含女贞昔（C33 H40 0】8） 不得少于 0.,苦，寒,归肺、肝经,清热解毒， 利咽消肿，活血止痛,用于乳蛾喉痹，咽喉肿痛，疮疡肿毒， 跌扑伤痛,
山银花,Shanyinhua,LONICERAE FLOS, Lonicera macranthoides Hand.,忍冬科,、红腺忍冬、华南忍冬、或黄褐毛忍冬、干燥花蕾或带初开花,"含绿原酸（C】6  H18 O9）不得少于 2.0%, 含灰毡毛忍冬皂昔乙（C65 Hlo6。32）和川续断皂昔乙 （C53H86o22） 的总量不得少于 5. 0%。",甘，寒,归肺、心、胃经, 清热解毒，疏散风热,用于痈肿疔疮，喉痹，丹毒，热毒血痢， 风热感冒，温病发热,
LU 楂,Shanzha,CRATAEGI FRUCTUS, Crataegus pinnatifida Bge. var.,蔷薇科,,含有机酸以枸橡酸（C6 H8O7）计不 得少于 5.0%。, 酸、甘，微温,归脾、胃、肝经,"消食健胃，行气散瘀,化浊降月旨",用于肉 食积滞，胃胱胀满，泻痢腹痛，瘀血经闭，产后瘀阻，兀、腹刺痛， 胸痹心痛，疝气疼痛， 高脂血症,
山楂叶,Shanzhaye,CRATAEGI FOLIUM, Crataegus pinnatifida Bge. var. major N. E. Br. ,蔷薇科,或山楂、干燥叶,含总黄酮以无水芦丁(C27 H30 016 ) 计 不得少于 7.0%。,酸，平,归肝经,活血化瘀， 理气通脉，化浊降脂,用于气 滞血瘀，胸痹心痛，胸闷憋气， 心悸健忘，眩晕耳鸣，高脂血症,
山慈菇,Shancigu,CREMASTRAE PSEUDOBULBUS PLEIONES PSEUDOBULBUS,,,,, 甘、微辛，凉,归肝、脾经,清热解毒， 化痰散结,用于痈肿疔毒，療疡痰核，蛇虫咬伤，癥痕痞块,
千年健,Qiannianjian,HOMALOMENAE RHIZOMA,,,,含芳樟醇（0。H18 O）不得少于 0. 20%。,苦、辛，温,归肝、肾经,祛风湿，壮筋骨,用于风寒湿痹，腰膝冷 痛， 拘挛麻木，筋骨痿软,
千里光,Qianliguang,SENECIONIS SCANDENTIS HEBRA, Senecio scandens Buch. ,菊科,、干燥地上部分,含阿多尼弗林碱（08 H23 NO7）不得 过, 苦，寒,归肺、肝经,清热解毒，明目，利湿,用于痈肿疮毒， 感冒发热， 目赤肿痛，泄泻痢疾，皮肤湿疹,
千金子,Qianjinzi,EUPHORBIAE SEMEN, Euphorbia lathyris L.,大戟科,干燥成熟种子,脂肪油不得少于 35. 0%。,辛，温;有毒,归肝、肾、大肠经,泻下逐水， 破血消癥；外用疗癣蚀疣, 用于二便不通，水肿，痰饮，积滞胀满，血瘀经闭；外治顽  癣，赘疣, 孕妇禁用。以免中毒。
千金子霜,Qianjinzishuang,EUPHORBIAE SEMEN PULVERATUM,,,,脂肪油应为 18. 0%〜20. 0%。,辛，温;有毒,归肝、肾、大肠经,泻下逐水， 破血消癥；外用疗癣蚀疣, 用于二便不通，水肿，痰饮，积滞胀满，血瘀经闭；外治顽 癣，赘疣,孕妇禁用。
川木香,Chuanmuxiang,VLADIMIRIAE RADIX, Vladimiria souliei （Franch.） Ling ,菊科,或灰毛川木香、干燥根,含木香燈内酯（05 H20O2）和去氢木 香内酯（C15H18O2）的总量 不得少于 3.2%。,辛、苦，温,归脾、胃、大肠、胆经,行气止痛,用于胸胁、脏腹胀痛，肠鸣腹 泻， 里急后重,
川木通,Chuanmutong,CLEMATIDIS ARMANDII CAULIS, Clematis armandii Franch. ,毛萇科,或绣球藤、干燥藤茎,, 苦，寒,归心、小肠、膀胱经,利尿通淋，清心除烦，通经下乳,用于淋 证， 水肿，心烦尿赤，口舌生疮， 经闭乳少，湿热痹痛,
川贝母,Chuanbeimu,FRITILLARIAE CIRRHOSAE BULBUS, Fritillaria cirrhosa D,百合科,、暗紫贝母、甘肃贝母、梭砂贝母、太白贝母、或瓦布贝母、干燥鳞茎,含总生物碱以西贝母碱（07 H43NO3） 计 不得少于 0. 050%。,苦、甘，微寒,归肺、心经,清热润肺， 化痰止咳，散结消痈,用于肺 热燥咳，干咳少痰，阴虚劳嗽， 痰中带血，療痂，乳痈，肺痈, 不宜与川乌、制川乌、草乌、制草乌、附子同用。
川牛膝,Chuanniu xi,CYATHULAE RADIX, Cyathula officinalis Kuan ,其科,干燥根,含杯苑带酮（C29 H44。8）不得少于 0., 甘、微苦，平,归肝、肾经, 逐瘀通经，通利关节，利尿通淋,用于经 闭癥痕，胞衣不下，跌扑损伤， 风湿痹痛，足痿筋挛，尿血血淋,孕妇慎用。
川乌,Chuanwu,ACONITI RADIX, Aconitum carmichaelii Debx. ,毛莫科,干燥母根,含乌头碱（C34 H47NO]]）、次乌头 碱,辛、苦，热;有大毒,归心、肝、肾、脾经,祛风除湿， 温经止痛,用于风寒湿痹，关 节疼痛，心腹冷痛，寒疝作痛及麻醉止痛, 生品内服宜慎； 孕妇禁用；不宜与半夏、瓜萎、瓜萎子、瓜篓皮、天花粉、川贝母、浙贝母、平贝母、伊贝母、湖北 贝母、白薮、白及同用。
制川乌,Zhichuanwu,ACONITI RADIX COCTA,,,,双酯型生物碱以乌头碱（ C34 HvNOn）. 次乌头碱C33H45NO10）及新乌头碱（C33 H45 NOn ）的总量计，不得过 0. 040%。,辛，温,归肝、胆、心包经,活血行气， 祛风止痛,用于胸痹心痛， 胸胁刺痛，跌扑肿痛，月经不调， 经闭痛经，癥痕腹痛，头痛， 风湿痹痛,
川菖,Chuanxiong,CHUANXIONG RHIZOMA, Ligusticum chuanxiong Hort. ,伞形科,干燥根茎,含苯甲酰乌头原碱（C32H45NO10）＞ 苯, 辛、苦，热；有毒,归心、肝、肾、脾经,祛风除湿，温经止痛,用于风寒湿痹，关 节疼痛，心腹冷痛，寒疝作痛及麻醉止痛,孕妇慎用；不宜与半夏、瓜萎、瓜萎子、瓜萎皮、 天花粉、川贝母、浙贝母、平贝母、伊贝母、湖北贝母、白薮、白 及同用。
川射干,Chuanshegan,IRIDIS TECTORI RHIZOMA, Iris tectorum Maxim.,莺尾科,干燥根茎,含射干昔（C22H240n）不得少于,苦，寒,归肺经,清热解毒，祛痰，利咽,用于热毒痰火郁 结， 咽喉肿痛，痰涎壅盛， 咳嗽气喘,
川楝子,Chuanlianzi,TOOSENDAN FRUCTUS, Melia toosendan Sieb. et Zucc.,棟科,干燥成熟果实,含川楝素（C3。H38On）应为 0.060%〜0. 20%。,苦，寒;有小毒,归肝、小肠、膀胱经,疏肝泄热，行气止痛，杀虫,用于肝郁化 火， 胸胁、脫腹胀痛，疝气疼痛， 虫积腹痛,
广东紫珠,Guangdongzizhu,CALLICARPAE CAULIS ET FOLIUM, Callicarpa kuuang,马鞭草科,、干燥茎枝和叶,含连翘酯昔 B（C34 H44O19）和金石蚕,苦、涩，凉,归肝、肺、胃经,收敛止血，散瘀，清热解毒,用于崛血， 咯血，吐血，便血，崩漏，外伤出血，肺热咳嗽，咽喉肿痛，热毒 疮疡，水火烫伤,
广枣,Guangzao,CHOEROSPONDIATIS FRUCTUS,,,,,甘、酸，平。,,行气活血，养心，安神,用于气滞血瘀， 胸痹作痛， 心悸气短，心神不安,
广金钱草,Guangjinqiancao,DESMODII STYRACIFOLII HERBA,,,,含夏佛塔昔（C26 H28O14）计不得少,甘、淡，凉,归肝、肾、膀胱经,利湿退黄，利尿通淋,用于黄疸尿赤，热 淋， 石淋，小便涩痛，水肿尿少,
广蕾香,Guanghuoxiang,POGOSTEMONIS HERBA, Pogostemon cablin （Blanco）Benth.,唇形科,干燥地上部分,含百秋李醇（05 H26O） 不得少于 0.10%。, 辛，微温,归脾、胃、肺经, 芳香化浊，和中止呕，发表解暑,用于湿 浊中阻，腕痞呕吐，暑湿表证，湿温初起，发热倦怠，胸闷不舒， 寒湿闭暑， 腹痛吐泻，鼻渊头痛,
女贞子,Nuzhenzi,LIGUSTRI LUCIDI FRUCTUS, Ligustrum lucidum Ait.,木犀科,干燥成熟果实, 含特女贞昔（C3】 H42O17）不得少于,甘、苦，凉,归肝、肾经,滋补肝肾，明目乌发,用于肝肾阴虚， 眩晕耳鸣，腰膝酸软，须发早白， 目暗不明，内热消渴，骨蒸 潮热,
桃儿七,Taoerqi,SINOPODOPHYLLI FRUCTUS,,,,,甘，平;有小毒。,,调经活血,用于血瘀经闭，难产， 死胎、 胎盘不下,
小驳骨,Xiaobogu,GENDARUSSAE HERBA,Gendarussa vulgaris Nees,爵床科,干燥地上部分,,,,,,
小叶莲,Xiaoyelian,•48・,,,,,辛，温,归肝、肾经, 祛瘀止痛，续筋接骨,用于跌打损伤，筋 伤骨折，风湿骨痛，血瘀经闭， 产后腹痛,孕妇慎用。
小茴香,Xiaohuixiang,FOENICULI FRUCTUS, Foeniculum vulgare Mill.,伞形科,干燥成熟果实,挥发油不得少于 1.5%（ml/g）,辛，温,归肝、肾、脾、胃经, 散寒止痛，理气和胃,用于寒疝腹痛，睾 丸偏坠，痛经，少腹冷痛，脱腹胀痛， 食少吐泻,
小通草,Xiaotongcao,STACHYURI MEDULLA HELWINGIAE MEDULLA, Stachyurus himalai,旌节花科,、中国旌节花、或山茱萸科植物青荚叶、干燥茎髓,,甘、淡，寒,归肺、胃经, 清热，利尿， 下乳,用于小便不利，淋证， 乳汁不下,
小蓟,Xiaoji,CIRSII HERBA, Cirsium setosum （Wilid. ） MB. ,菊科,干燥地上部分,含蒙花昔（C28 H32 0】4） 不得少于 0.,甘、苦，凉,归心、肝经,凉血止血，散瘀解毒消痈,用于旭血，吐 血， 尿血，血淋，便血，崩漏，外伤出血，痈肿疮毒,孕妇慎用。
飞扬草,Feiyangcao,EUPHORBIAE HIRTAE HERBA,Euphorbia hirta L.,大戟科,干燥全草,,,,,,
马齿 55,Machixian,PORTULACAE HERBA, Portulaca oleracea L.,马齿苑科,干燥地上部分,,酸，寒,归肝、大肠经,"清热解毒，凉血止血, 止痢",用于热毒血痢， 痈肿疔疮，湿疹，丹毒，蛇虫咬伤， 便血， 痔血， 崩漏下血,
马勃,Mabo,LASIOSPHAERA CALVATIA, Lasiosphaera fenzlii Reich.,灰包科,大马勃、或紫色马勃、干燥子实体,,辛，平,归肺经,清肺利咽，止血,用于风热郁肺咽痛，音 哑， 咳嗽;外治鼻蛔，创伤出血,
马钱子,Maqianzi,STRYCHNI  SEMEN, Strychnos nux,马钱科,、干燥成熟种子,含士的宁（C2】H22 N2O2）应为 1. 20%, 苦，温;有大毒,归肝、脾经, 通络止痛，散结消肿,"用于跌打损伤，骨折肿痛，风湿顽痹, 麻木瘫痪,痈疽疮毒，咽喉肿痛", 孕妇禁用；不宜多服久服及生用；运动员慎用； 有毒成分能经皮肤吸收， 外用不宜大面积涂敷。
马钱子粉,Maqianzi Fen,STRYCHNI SEMEN PULVERATUM,,,,含士的宁（C21 H22 N2O2 ）应为 0.78%,苦，温;有大毒,归肝、脾经, 通络止痛，散结消肿,用于跌打损伤，骨折肿痛，风湿顽痹，麻木瘫痪， 痈疽疮毒，咽喉肿痛, 孕妇禁用；不宜多服久服及生用；运动员慎用； 有毒成分能经皮肤吸收， 外用不宜大面积涂敷。
马鞭草,Mabiancao,VERBENAE HERBA, Verbena officinalis L.,马鞭草科,干燥地上部分, 含齐墩果酸（C3。H48 O3）和熊果酸（C30 H48O3）的总量不得少于 0. 30%。,苦，凉,归肝、脾经,活血散瘀，解毒，利水，退黄，截疟,用于 癥痕积聚， 痛经经闭，喉痹，痈肿，水肿，黄疸，疟疾,
王不留行,Wangbuliuxing,VACCARIAE SEMEN, Vaccaria segetalis （Neck.） Garcke ,石竹科,干燥成熟种子,含王不留行黄酮#（C32H38O19）不得少,苦，平,归肝、胃经,活血通经，下乳消肿，利尿通淋,用于经 闭， 痛经，乳汁不下，乳痈肿痛， 淋证涩痛,孕妇慎用。
天山雪莲,Tianshanxuelian,SAUSSUREAE INVOLUCRATAE HERBA,,,,含无水芦丁 （C27 H30O16）不得少于 0., 维吾尔医：性质，二级湿热。中医：微苦，温。,, 维吾尔医：补肾活血，强筋骨，营养神经， 调节异常体液,用于风湿性关节炎， 关节疼痛，月市寒咳嗽， 肾与小腹冷痛，白带过多等,
天仙子,Tianxianzi,HYOSCYAMI SEMEN, Hyoscyamus niger L.,茄科,干燥成熟种子,含东芨着碱（C17 H21 NO4 ）和蔑若碱, 苦、辛，温;有大毒,归心、胃、肝经,解痉止痛，平喘，安神,用于胃肮挛痛， 喘咳，癫狂,心脏病、心动过速、青光眼患者及孕妇禁用。
天冬,Tiandong,ASPARAGI RADIX, Asparagus cochinchinensis （ Lour.） Merr.,百合科,干燥块根,,甘、苦，寒,归肺、肾经,养阴润燥， 清肺生津,用于肺燥干咳，顿咳痰黏，腰膝酸痛，骨蒸潮热，内热消渴，热病津伤，咽干口渴， 肠燥便秘,
天花粉,Tianhuafen,TRICHOSANTHIS RADIX, Trichosanthes kirilowii Maxim. ,葫芦科,或双边桔楼、干燥根,, 甘、微苦，微寒,归肺、胃经,清热泻火， 生津止渴，消肿排脓,用于热病烦渴，肺热燥咳，内热消渴， 疮疡肿毒,孕妇慎用；不宜与川乌、制川乌、草乌、制草乌、附子同用。
天竺黄,Tianzhuhuang,BAMBUSAE CONCRETIO SILICEA, Bambusa textilis McClure ,禾本科,或华思劳竹、等秆内分泌液干燥后块状物,, 甘，寒,归心、肝经, 清热豁痰，凉心定惊,用于热病神昏，中风痰迷，小儿痰热惊痫、抽搐、夜啼,
天南星,Tiannanxing,ARISAEMATIS RHIZOMA,,,,含总黄酮以芹菜素（C】5 H10 O5）计 不得少于 0. 050%。,苦、辛，温; 有毒,归肺、肝、脾经,消肿,外用治痈肿，蛇虫咬伤, 孕妇
制天南星,Zhitiannanxing,ARISAEMATIS RHIZOMA PREPARATUM,,,,含白矶以含水硫酸铝钾 CKA1（SO4）2, 苦、辛，温;有毒,归肺、肝、脾经,燥湿化痰，祛风止痉，散结消肿,用于顽痰 咳嗽，风痰眩晕，中风痰壅，口眼喝斜，半身不遂，癫痫，惊风， 破伤风; 外用治痈肿， 蛇虫咬伤,孕妇慎用。
天麻,Tianma,GASTRODIAE RHIZOMA, Gastrodia elata Bl.,兰科,干燥块茎,含天麻素（C13H18O7）和对羟基苯甲醇, 甘，平,归肝经,息风止痉， 平抑肝阳，祛风通络,用于小儿惊风，癫痫抽搐，破伤风，头痛眩晕，手足不遂，肢体麻木，风 湿痹痛,
天葵子,Tiankuizi,SEMIAQUILEGIAE RADIX, Semiaquilegia adoxoides （DC.）,毛莫科,,,甘、苦，寒,归肝、胃经,清热解毒，消肿散结,用于痈肿疔疮，乳 痈， 凛痂，蛇虫咬伤,
天然冰片（右旋龙脑）,Tianranbingpian,BORNEOLUM, Cimiamomum camphor a （L. ）Presl ,樟科,新鲜枝叶经提取加工制成,樟脑（C10H16O）不得过 3. 0%。,  辛、苦，凉,归心、脾、肺经,开窍醒神，清热止痛,用于热病神昏、惊 厥， 中风痰厥，气郁暴厥， 中恶昏迷，胸痹心痛，目赤，口疮，咽 喉肿痛，耳道流脓,孕妇慎用。
云芝,Yun zhi,CORIOLUS, Coriolus versicolor （L. ex Fr. ） Quel ,多孔菌科,干燥子实体,含云芝多糖以无水葡萄糖 （C6H12O6）,甘，平,归心、脾、肝、肾经,健脾利湿，清热解毒,用于湿热黄疸，胁 痛， 纳差，倦怠乏力,
木瓜,Mugua,CHAENOMELIS FRUCTUS, Chaenomeles speciosa（Sweet）Nakai ,蔷薇科,干燥近成熟果实, 含齐墩果酸（C3。H48 03 ）和熊果酸（C30 H48O3）的总量不得少于 0. 50%。, 酸，温,归肝、脾经,舒筋活络， 和胃化湿,用于湿痹拘挛，腰膝关节酸重疼痛， 暑湿吐泻，转筋挛痛，脚气水肿,
木芙蓉叶,Mufurongye,HIBISCI MUTABILIS FOLIUM, Hibiscus mutabilis L.,锦葵科,干燥叶,含无水芦丁（C27 H30 016 ）不得少于 0.,辛，平；归肺、肝经,, 凉血，解毒，消肿，止痛,治痈疽域肿， 缠身蛇丹， 烫伤， 目赤肿痛，跌打损伤,
木香,Muxiang,AUCKLANDIAE RADIX, Aucklandia lappa Decne.,菊科,干燥根,含木香蜂内酯（C】5 H20O2）和去氢木香内酯（C15H18O2）的总量不得少于 1. 8%。, 辛、苦，温,归脾、胃、大肠、三焦、胆经,行气止痛，健脾消食,用于胸胁、脏腹胀 痛， 泻痢后重，食积不消， 不思饮食,
木贼,Muzei,EQUISETI HIEMALIS HERBA, Equisetum hyemale L.,木贼科,干燥地上部分,含山奈酚（ C15H1O。6）不得少于 0. 20%,甘、苦，平,归肺、肝经, 疏散风热，明目退翳,用于风热目赤，迎风流泪，目生云翳,
木通,Mutong,AKEBIAE CAULIS, Akebia quinata （ Thunb.） Decne.,木通科,三叶木通、或白木通、干燥藤茎,含木通苯乙醇昔 B（C23H26 On）不得 少, 苦，寒,归心、小肠、膀胱经,利尿通淋，清心除烦，通经下乳,用于淋 证， 水肿，心烦尿赤，口舌生疮， 经闭乳少，湿热痹痛,
木棉花,Mumianhua,GOSSAMPINI FLOS, Gossampinus malabarica （DC.）M en.,木棉科,干燥花,含木蝴蝶昔 B（C27 H30O15）不得少于,甘、淡，凉,归大肠经,清热利湿， 解毒,用于泄泻，痢疾，痔疮 出,
木蝴蝶,Muhudie,OROXYLI SEMEN, Orojcyl,紫蔵科,、干燥成熟种子,,,,,,
木鳖子,Mubiezi,MOMORDICAE SEMEN,,,,木鳖子仁含丝石竹皂昔元 3-0 叩-A 葡萄糖醛酸甲酯（C37H56O10）不得少于 0. 25%。,苦、微甘，凉;有毒,归肝、脾、胃经,散结消肿，攻毒疗疮,用于疮疡肿毒，乳 痈， 凛痂，痔痿，干癣，秃疮,孕妇慎用。
五加皮,Wujiapi,ACANTHOPANACIS CORTEX, Acanthopanax gracilistylus W. W. Smith ,五加科,干燥根皮,,辛、苦，温,归肝、肾经,祛风除湿，补益肝肾，强筋壮骨，利水消 肿,用于风湿痹病， 筋骨痿软，小儿行迟，体虚乏力， 水肿， 脚气,
五味子,Wuweizi,SCHISANDRAE CHINENSIS FRUCTUS, Schisandra chinensis（Turcz.）Baill. ,木兰科,干燥成熟果实,五味子醇甲（C24H32O7） 不得少于 0. 40% , 酸、甘，温,归肺、心、肾经,收敛固涩，益气生津， 补肾宁心,用于久嗽虚喘，梦遗滑精，遗尿尿频，久泻不止，自汗盗汗，津伤口渴， 内热消渴， 心悸失眠,
五倍子,Wubeizi,GALLA CHINENSIS, Rhus chinensis Mill.,漆树科,青荻杨、或红魏杨、叶上虫瘗主要由五倍子、寄生而形成,含糅质不得少于 50.0%。没食子酸照高效液相色谱法（通则 0512）测定。, 酸、涩，寒,归肺、大肠、肾经, 敛肺降火，涩肠止泻，敛汗，止血，收湿敛疮,用于肺虚久咳，肺热痰嗽，久泻久痢，自汗盗汗，消渴，便血痔血，外伤出血，痈肿疮毒， 皮肤湿烂,
太子参,Taizishen,PSEUDOSTELLARIAE RADIX, Pseudostellaria heterophylla,石竹科,,, 甘、微苦，平,归脾、肺经, 益气健脾，生津润肺,用于脾虚体倦，食欲不振，病后虚弱，气阴不足， 自汗口渴，肺燥干咳,
车前子,Cheqianzi,PLANTAGINIS SEMEN, Planta go asiatica L. ,车前科,或平车前、干燥成熟种子,,甘，寒,归肝、肾、肺、小肠经,清热利尿通淋，渗湿止泻，明目，祛痰, 用于热淋涩痛，水肿胀满，暑湿泄泻， 目赤肿痛，痰热咳嗽,
车前草,Cheqiancao,PLANTAGINIS HERBA, Plantago asiatica L.,车前科,或平车前、干燥全草,含京尼平昔酸（C16 H22O10）不得少于 0., 甘， 寒,归肝、肾、肺、小肠经,清热利尿通淋，祛痰， 凉血， 解毒,用于热淋涩痛，水肿尿少，暑湿泄泻，痰热咳嗽，吐血峋血，痈肿疮毒,
瓦松,Wasong,OROSTACHYIS FIMBRIATAE HERBA, Orostachys fimbriata （Turcz.） Berg.,景天科,干燥地上部分,含糊皮素（C】5 Hlo 07 ）和山奈酚（C15H10 06）的总量不得少于 0. 020% 0,酸、苦，凉,归肝、肺、脾经,凉血止血，解毒，敛疮,"用于血痢，便血, 痔血，疮口久不愈合",
瓦楞子,Walengzi,ARCAE CONCHA, Area subcrenata Lischke,蛇科,泥蛆、或魁蛆、贝壳,碳酸钙（CaCO3）不得少于 93.0%。, 咸，平,归肺、胃、肝经,消痰化瘀，软坚散结，制酸止痛,用于顽,
牛黄,Niuhuang,BOVIS CALCULUS, Bos taurus domesticus Gmelin ,牛科,干燥胆结石,",含胆酸（C24H40O5）不得少于 4.0%。胆红素照高效液相色谱法（通则 0512） 测定（避光操作）。色谱条件与系统适用性试验以十八烷基硅烷键合硅胶  为填",,, 清心， 豁痰，开窍，凉肝，息风，解毒,用于热病神昏，中风痰迷，惊痫抽搐，癫痫发狂，咽喉肿痛，口舌生 疮，痈肿疔疮,孕妇慎用。
牛莠子,Niubangzi,ARCTII FRUCTUS, Arctium lappa L.,菊科,干燥成熟果实,含胆红素（C 0%。,甘，凉,归心、肝经,疏散风热，宣肺透疹，解毒利咽,用于 风热感冒，咳嗽痰多，麻疹，风疹，咽喉肿痛， 瘁腮， 丹毒， 痈 肿疮毒,
牛膝,Niuxi,ACHYRANTHIS BIDENTATAE RADIX, Achyranthes bidentata Bl.,竟科,干燥根,含伊蜕皮螢酮（C27 H44 O7）不得少于 0.,苦、甘、酸，平,归肝、肾经, 逐瘀通经，补肝肾，强筋骨，利尿通淋，引血下行,"用于经闭， 痛经，腰膝酸痛， 筋骨无力， 淋证，水肿， 头 痛，眩晕，牙痛，口疮，吐血,通血",孕妇慎用。
毛诃子,Maohezi,TERMINALIAE BELLIRICAE FRUCTUS,,,,,甘、涩，平。,,清热解毒，收敛养血，调和诸药,"用于各 种热证，泻痢，黄水病,肝胆病， 病后虚弱",
升麻,Shengma,CIMICIFUGAE RHIZOMA, Cimicifuga heracleifolia Kom.,毛莫科,兴安升麻、或升麻、干燥根茎,含异阿魏酸（C10H10 O4）不得少于 0., 辛、微甘，微寒,归肺、脾、胃、大肠经,发表透疹，清热解毒，升举阳气,用于风 热头痛，齿痛，口疮，咽喉肿痛，麻疹不透，阳毒发斑，脱肛，子宫 脱垂,
片姜 黄,Pianjianghuang,WENYUJIN RHIZOMA CONCISUM, Curcuma ivenyujin Y. H. Chen et C. Ling,姜科,干燥根茎,挥发油不得少于 1.0%（ml/g）。, 辛、苦，温,归脾、肝经,破血行气，通经止痛,用于胸胁刺痛，胸 痹心痛，痛经经闭，癥痕，风湿肩臂疼痛，跌扑肿痛,孕妇慎用。
化橘红,Huajuhong,CITRI GRANDIS EXOCARPIUM, Citrus grandis ,芸香科,、7或柚、未成熟或近成熟干燥外层果皮,含柚皮昔（C27 H32 Ou）不得少于 3.,辛、苦，温,归肺、脾经,理气宽中， 燥湿化痰,用于咳嗽痰多，食 积伤酒，呕恶痞闷,
月季花,Yue jihua,ROSAE CHINENSIS FLOS, Rosa chinensis Jacq.,蔷薇科,干燥花,含金丝桃昔（C2】H20O12）和异攔皮昔,甘，温,归肝经,活血调经，疏肝解郁,用于气滞血瘀，月 经不调，痛经，闭经，胸胁胀痛,
丹参,Danshen,SALVIAE MILTIORRHIZAE RADIX ET RHIZOMA, Sal,唇形科,、干燥根和根茎, 含丹参酮 nA （c19H18o3）.隐丹参酮," 苦,微寒",归心、肝经,活血祛瘀，通经止痛，清心除烦，凉血消 痈,用于胸痹心痛， 脱腹胁痛，癥痕积聚，热痹疼痛， 心烦不 眠，月经不调， 痛经经闭，疮疡肿痛,不宜与藜芦同用。
乌药,Wuyao,LINDERAE RADIX, Lindera aggregata （Sims） Kos,樟科,、干燥块根,含乌药醒内酯（C15H16O4）不得少于 0.,辛，温,归肺、脾、肾、膀胱经,行气止痛，温肾散寒,用于寒凝气滞，胸 腹胀痛，气逆喘急，膀胱虚冷， 遗尿尿频，疝气疼痛，经寒腹痛,
乌梢蛇,Wushaoshe,ZAOCYS, Zaocys dhumnades （Cantor） ,游蛇科,干燥体,,甘，平,归肝经,祛风，通络，止痉,"用于风湿顽痹，麻木 拘挛，中风口眼喝斜，半身不遂，抽搐痉挛,破伤风， 麻风， 疥癣",
乌梅,Wumei,MUME FRUCTUS, Prunus mume （ Sieb. ） Sieb. et Zucc. ,蔷薇科,干燥近成熟果实,含枸檄酸（GH8O7）不得少于 12.0%。,酸、涩，平,归肝、脾、肺、大肠经,敛肺，涩肠，生津，安蛔,用于肺虚久咳， 久泻久痢， 虚热消渴，蛔厥呕吐腹痛,
火麻仁,Huomaren,CANNABIS FRUCTUS, Cannabis sativa L.,桑科,干燥成熟果实,含脂肪油不得少于 22.0%。, 甘，平,归脾、胃、大肠经,润肠通便,用于血虚津亏， 肠燥便秘,孕妇禁用；不宜与牵牛子同用。
巴豆霜,Badoushuang,CROTONIS SEMEN PULVERATUM,,,,脂肪油应为 18. 0%〜20. 0%。, 辛，热；有大毒,归胃、大肠经,峻下冷积，逐水退肿，豁痰利咽；外用蚀 疮,用于寒积便秘， 乳食停滞， 腹水臓胀， 二便不通， 喉风， 喉 痹; 外治痈肿脓成不溃，疥癣恶疮，疣痣, 孕妇禁用；不宜与牵牛子同用。
巴戟天,Bajitian,MORINDAE OFFICINALIS RADIX, Morinda officinalis How ,茜草科,干燥根,含耐斯糖（ 財成 021 ）不得少于 2. 0%。,甘、辛，微温,归肾、肝经,补肾阳，强筋骨，祛风湿,用于阳痿遗 精， 宫冷不孕，月经不调， 少腹冷痛，风湿痹痛，筋骨痿软,
水飞蓟,Shuifeiji,MILK THISTLE, Silybum marianum （L. ）Gaertn. ,菊科,干燥成熟果实,含水飞蓟宾（C25 H22O10）不得少于 0.,苦，凉,归肝、胆经,干燥处， 防蛀,	供配制成药用,
水牛角,Shuiniujiao,BUBALI CORNU, Bubalus bubalis Linnaeus ,牛科,角,,苦，寒,归心、肝经, 清热凉血，解毒，定惊,"用于温病高热, 神昏澹语， 发斑发疹，吐血崛血，惊风，癫狂",
水红花子,Shuihonghuazi,POLYGONI  ORIENTALIS FRUCTUS, Polygonum orientate L.,蓼科,干燥成熟果实, 含花旗松素（C15H12O7） 不得少于 0.,咸，微寒,归肝、胃经,散血消癥，消积止痛，利水消月中,用于癥 痕痞块，瘻瘤，食积不消，胃脏胀痛， 水肿腹水,
水蛭,Shuizhi,HIRUDO, Whitmania pigra Whitman,水蛭科,水蛭、或柳叶蚂蜓、干燥全体,,咸、苦，平；有小毒,归肝经,破血通经，逐瘀消癥,用于血瘀经闭，癥 痕痞块，中风偏瘫，跌扑损伤,孕妇禁用。
玉竹,Yu zhu,POLYGONATI ODORATI RHIZOMA, Polygonatum odoratum （Mill.） Druce ,百合科,干燥根茎,含玉竹多糖以葡萄糖（C6H12O6）计 不得少于 6.0%。,甘，微寒,归肺、胃经,养阴润燥，生津止渴,用于肺胃阴伤，燥 热咳嗽，咽干口渴，内热消渴,
功劳木,Gonglao mu,MAHONIAE CAULIS, Mahonia bealei （Fort.） Carr.,小案科,或细叶十大功劳、干燥茎,含非洲防己碱（C20H20NO4）.  药根碱,苦，寒,归肝、胃、大肠经,清热燥湿，泻火解毒,用于湿热泻痢，黄 疸尿赤，目赤肿痛，胃火牙痛， 疮疳痈肿,
甘松,Gansong,NARDOSTACHYOS RADIX ET RHIZOMA, Nardostachys jatamansi DC. ,败酱科,干燥根及根茎,挥发油不得少于 2.0%（ml/g）。,辛、甘，温,归脾、胃经 C,理气止痛，开郁醒脾；外用祛湿消肿,用 于胱腹胀满，食欲不振， 呕吐； 外用治牙痛， 脚气肿毒,
甘草,Gancao,GLYCYRRHIZAE RADIX ET RHIZOMA, Glycyrrhiza uralensis Fisch.,豆科,胀果甘草、或光果甘草、干燥根和根茎,, 甘，平,归心、肺、脾、胃经,补脾益气，清热解毒，祛痰止咳，缓急止 痛， 调和诸药,用于脾胃虚弱，倦怠乏力，心悸气短， 咳嗽痰 多，脫腹、四肢挛急疼痛，痈肿疮毒，缓解药物毒性、烈性, 不宜与海藻、京大戟、红大戟、甘遂、芫花同用。
炙甘草,Zhigancao,GLYCYRRHIZAE RADIX ET RHIZOMA PRAEPARATA CUM MELLE,,,,"含甘草^（C21 H22 O9）不得少于 0.50%,",甘，平,归心、肺、脾、胃经,补脾和胃，益气复脉,用于脾胃虚弱，倦 怠乏力，心动悸， 脉结代,同甘草。
甘遂,Gansui,KANSUI RADIX, Euphorbia kansui T. N. Liou ex T. P. Wang ,大戟科,干燥块根,含大戟二烯醇（C30 H50O）不得少于 0.12%0, 苦，寒;有毒,归肺、肾、大肠经,泻水逐饮，消肿散结,用于水肿胀满，胸 腹积水，痰饮积聚，气逆咳喘， 二便不利，风痰癫痫，痈肿疮毒, 孕妇禁用；不宜与甘草同用。
艾片（左旋龙脑）,Aipian,Z-BORNEOLUM, Blumea balsamifera （L. ）DC.,菊科,新鲜叶经提取加工制成结晶,异龙脑（C10H18O）不得过 5.0%。," 辛、苦,微寒",归心、脾、肺经,开窍醒神，清热止痛,用于热病神昏、痉 厥， 中风痰厥，气郁暴厥， 中恶昏迷，目赤，口疮，咽喉肿痛，耳 道流脓,孕妇慎用。
艾叶,Aiye,ARTEMISIAE ARGYI FOLIUM, Artemisia argyi Levi,菊科,、干燥叶,"含核油精（C10H8O）不得少于 0.050%,", 辛、苦，温;有小毒,归肝、脾、肾经,温经止血， 散寒止痛；外用祛湿止痒,用 于吐血，虹血，崩漏，月经过多，胎漏下血，少腹冷痛，经寒不调， 宫冷不孕；外治皮肤瘙痒,
石韦,Shiwei,PYRROSIAE FOLIUM, Pyrrosia sheareri （Bak.） Ching,水龙骨科,石韦、或有柄石韦、干燥叶,含绿原酸（C】6 H18 O9）不得少于 0.," 甘、苦,微寒",归肺、膀胱经,利尿通淋，清肺止咳，凉血止血,用于热 淋， 血淋，石淋，小便不通，淋沥涩痛，肺热喘咳，吐血，帆血，尿 血，,
石吊兰,Shidiaolan,LYSIONOTI HERBA, Lysionotus pauciflorus Maxim.,苦苣苔科,,含石吊兰素(& H16 07 )不得少于 0.10%；,苦，温,归肺经,化痰止咳，软坚散结,用于咳嗽痰多，療 痂痰核,
石决明,Shijueming,HALIOTIDIS CONCHA, Haliotis diversicolor Reeve,鲍科,皱纹盘鲍、羊鲍、澳洲鲍、膈厂、耳鲍、或白鲍、贝壳,碳酸钙(CaCO3)不得少于 93. 0%。,咸，寒,归肝经,平肝潜阳，清肝明目,用于头痛眩晕，目 赤翳障，视物昏花，青盲雀目,
石菖蒲,Shichangpu,ACORI TATARINOWII RHIZOMA, Acorus tatarinoTJuii Schott ,天南星科,干燥根茎,挥发油不得少于 1.0%（ml/g）。,辛、苦，温,归心、胃经,开窍豁痰， 醒神益智，化湿开胃,用于神昏癫痫，健忘失眠，耳鸣耳聋， 脫痞不饥，噤口下痢,
石斛,Shihu,DENDROBII CAULIS, Dendrobium nobile Lindl.,兰科,霍山石斛、鼓槌石斛、或流苏石斛、栽培品及其同属植物近似种新鲜或干燥茎,含石斛碱（06 H25 N02） 不得少于 0.,甘，微寒,归胃、肾经,益胃生津，滋阴清热,用于热病津伤，口 干烦渴，胃阴不足，食少干呕， 病后虚热不退，阴虚火旺， 骨蒸 劳热，目暗不明， 筋骨痿软,
石榴皮,Shiliupi,GRANATI PERICARPIUM, Punica granatum L.,石榴科,干燥果皮,含糅质不得少于 10. 0%。繇花酸照高效液相色谱法（ 通则 0512）测定。,酸、涩，温,归大肠经, 涩肠止泻，止血，驱虫,用于久泻，久痢， 便血，脱肛，崩漏，带下，虫积腹痛,
石膏,Shigao,GYPSUM FIBROSUM,,,,含水硫酸钙（CaSO4 - 2H2O）不得少于 95. 0%。,甘、辛，大寒,归肺、胃经,清热泻火，除烦止渴,用于外感热病，高 热烦渴，肺热喘咳，胃火亢盛， 头痛， 牙痛,
锻石膏,Duanshigao,GYPSUM USTUM,,,, 硫酸钙 （CaSO4 ）不得少于 92.0%Elg 硫酸钙,甘、辛、涩，寒,归肺、胃经, 收湿，生肌，敛疮，止血,"外治溃疡不敛, 湿疹瘙痒， 水火烫伤，外伤出血",
布渣叶,Buzhaye,MICROCOS PANICULATA, Microcos paniculata L.,嘏树科,干燥叶,含牡荆昔（C2】H20 01。）不得少于,微酸，凉,归脾、胃经, 感冒发热， 湿热黄疸, 消食化滞，清热利湿,
龙胆,Longdan,GENTIANAE RADIX ET RHIZOMA, Gentiana manshurica Kitag.,龙胆科,龙胆、三花龙胆、或坚龙胆、干燥根和根茎,龙胆含龙胆苦^（C16H20O9）不得少 于,苦，寒,归肝、胆经,清热燥湿，泻肝胆火,用于湿热黄疸，阴 肿阴痒，带下，湿疹瘙痒，肝火目赤，耳鸣耳聋，胁痛口苦，强 中， 惊风抽搐,
龙腳叶,Longliye,SAUROPI FOLIUM, Sauropus spatulifolius Beille ,大戟科,干燥叶,,,,,,
龙眼肉,Longyanrou,LONGAN ARILLUS, Dimocarpus longan Lour.,无患子科,假种皮, 含山奈酚-3-0-龙胆二糖昔 （C27 H30, 甘、淡，平,归肺、胃经,润肺止咳，通便,用于肺燥咳嗽， 咽痛失,
平贝母,Pingbeimu,FRITILLARIAE USSURIENSIS BULBUS, Fritillaria ussuriensis Maxim. ,百合科,干燥鳞茎,含总生物碱以贝母素乙（07 H43NO3）,"苦、甘,微寒",归肺、心经, 清热润肺，化痰止咳,用于肺热燥咳，干 咳少痰，阴虚劳嗽，咳痰带血, 不宜与川乌、制川乌、草乌、制草乌、附子同用。
北刘寄奴,Beiliujinu,SIPHONOSTEGIAE HERBA, Siphonostegia chinensis Benth.,玄参科,干燥全草, 含木犀草素（C15H1O 06） 不得少于 0.,苦，寒,归脾、胃、肝、胆经,活血祛瘀，通经止痛，凉血，止血， 清热 利湿,用于跌打损伤，外伤出血，瘀血经闭，月经不调，产后瘀痛， 癥痕积聚，血痢，血淋，湿热黄疸， 水肿腹胀，白带 过多,
北豆根,Beidougen,MENISPERMI  RHIZOMA, Menispermum dauricum DC. ,防己科,干燥根茎,含蝙蝠葛苏林碱（C37 H42 N2。6）和蝙蝠葛碱（C38 H44 N2O6）的总量不得少于 0. 60%。,苦，寒；有小毒,归肺、胃、大肠经,清热解毒，祛风止痛,用于咽喉肿痛，热 毒泻痢，风湿痹痛,
北沙参,Beishashen,GLEHNIAE RADIX, Glehnia littoralis Fr. Schmidt ex Miq.,伞形科,干燥根,,甘、微苦，微寒,归肺、胃经,养阴清肺，益胃生津,用于肺热燥咳，劳 嗽痰血，胃阴不足，热病津伤， 咽干口渴,不宜与藜芦同用。
四季青,Sijiqing,ILICIS CHINENSIS FOLIUM, Hex chinensis Sims ,冬青科,干燥叶,含长梗冬青^（C36H58O10）不得少于 1., 苦、涩，凉,归肺、大肠、膀胱经,清热解毒，消肿祛瘀,用于肺热咳嗽，咽 喉肿痛，痢疾，胁痛，热淋;外治烧烫伤，皮肤溃疡,
生姜,Shengjiang,ZINGIBERIS RHIZOMA RECENS, Zingiber officinale Rose.,姜科,新鲜根茎,挥发油不得少于 0.12%（ml/g）,辛，微温,归肺、脾、胃经, 解表散寒，温中止呕，化痰止咳， 解鱼蟹毒,用于风寒感冒，胃寒呕吐，寒痰咳嗽， 鱼蟹中毒,
仙茅,Xianmao,CURCULIGINIS RHIZOMA, Curculigo orchioides Gaertn.,石蒜科,干燥根茎," 6-姜辣素（C17H26。4）不得少于 0.050%,8-姜酚（C19 H30 O4）与 10-姜酚（C21 H34O4 ）总量不得少于 0. 040%。", 辛，热；有毒,归肾、肝、脾经,补肾阳，强筋骨，祛寒湿,用于阳痿精冷， 筋骨痿软，腰膝冷痛， 阳虚冷泻 O,
仙鹤草,Xianhecao,AGRIMONIAE HERBA, Agrimonia pilosa Ledeb.,蔷薇科,干燥地上部分,,苦、涩，平,归心、肝经, 收敛止血，截疟，止痢，解毒，补虚,用 于咯血，吐血，崩漏下血，疟疾，血痢，痈肿疮毒， 阴痒带下， 脱力劳伤,
白及,Baiji,BLETILLAE RHIZOMA, Bletilla striata （Thunb. ）Reichb. f. ,兰科,干燥块茎,,"苦、甘、涩,微寒",归肺、肝、胃经,收敛止血，消肿生肌,"用于咯血，吐血, 外伤出血，疮疡肿毒，皮肤皺裂", 不宜与川乌、制川乌、草乌、制草乌、附子同用。
白术,Baizhu,ATRACTYLODIS MACROCEPHALAE RHIZOMA, Atractylodes macrocephala Koidz. ,菊科,干燥根茎,"含 1,4-二［4-（葡萄糖氧）节基］-2-异 丁",苦、甘，温,归脾、胃经, 健脾益气，燥湿利水，止汗，安胎,用于 脾虚食少， 腹胀泄泻，痰饮眩悸，水肿，自汗，胎动不安,
白头翁,Baitouweng,PULSATILLAE RADIX, Pulsatilla chinensis （Bge.） Regel,毛莫科,,含白头翁皂昔 B4 （C59 H96。26）不得 少,苦，寒,归胃、大肠经,清热解毒，凉血止痢,用于热毒血痢，阴痒带下,
白芍,Baishao,PAEONIAE RADIX ALBA, Paeonia ladiflora Pall.,毛莫科,干燥根,含芍药#（C23 H28 Ou）不得少于 1.,苦、酸， 微寒,归肝、脾经,养血调经，敛阴止汗，柔肝止痛，平抑肝 阳,用于血虚萎黄，月经不调，自汗，盗汗，胁痛，腹痛，四肢挛 痛， 头痛眩晕,不宜与藜芦同用。
白芷,Baizhi,ANGELICAE DAHURICAE RADIX, Angelica dahurica （ Fisch,伞形科,、或杭白芷、,含欧前胡素（C16H14 O4）不得少于 0., 辛，温,归胃、大肠、肺经,解表散寒，祛风止痛，宣通鼻窍，燥湿止 带， 消肿排脓,用于感冒头痛，眉棱骨痛，鼻塞流涕， 鼻勦， 鼻 渊， 牙痛，带下，疮疡肿痛,
白附子,Baifuzi,TYPHONII RHIZOMA, Typhonium giganteum Engl.,天南星科,干燥块茎,, 辛，温;有毒,归胃、肝经,祛风痰，定惊搐，解毒散结，止痛,用于 中风痰壅，口眼喝斜，语言審涩，惊风癫痫，破伤风，痰厥头痛， 偏正头痛， 瘪痂痰核，毒蛇咬伤, 孕妇慎用；生品内服宜慎。
白茅根,Baimaogen,IMPERATAE RHIZOMA, Imperata cylindrica Beauv. var. major Wees） C. E. Hubb.,禾本科,干燥根茎,, 甘，寒,归肺、胃、膀胱经,凉血止血，清热利尿,用于血热吐血，岫 血， 尿血，热病烦渴，湿热黄疸， 水肿尿少，热淋涩痛,
白矶,Baifan,ALUMEN,,,,含水硫酸铝钾 CKA1（SO4）2 • 12 玦 0〕不得少于99.0%。,酸、涩，寒,归肺、脾、肝、大肠经, 外用解毒杀虫，燥湿止痒；内服止血止泻， 祛除风痰,外治用于湿疹，疥癣，脱肛，痔疮，聘耳流脓；内 服用于久泻不止， 便血， 崩漏， 癫痫发狂,
白果,Baiguo,GINKGO SEMEN, Ginkgo biloba L.,银杏科,干燥成熟种子,,甘、苦、涩，平；有毒,归肺、肾经,敛肺定喘，止带缩尿,用于痰多喘咳，带下白浊， 遗尿尿频,生食有毒。
白屈菜,Baiqucai,CHELIDONII HERBA, Chelidonium ma jus L.,罂粟科,干燥全草,, 苦，凉；有毒,归肺、胃经, 解痉止痛，止咳平喘,用于胃脫挛痛，咳 嗽气喘，百日咳,
白前,Baiqian,CYNANCHI STAUNTONII RHIZOMA, Cynanchum stauntonii （Decne. ）,萝蘑科,,含白屈菜红碱（C21H18NOt）不得少 于," 辛、苦,微温",归肺经,降气， 消痰，止咳,用于肺气壅实， 咳嗽 痰多，胸满喘急,
白扁 豆,Baibiandou,LABLAB  SEMEN ALBUM, Dolichos lablab L.,豆科,干燥成熟种子,, 甘，微温,归脾、胃经,健脾化湿，和中消暑,用于脾胃虚弱，食 欲不振，大便澹泻，白带过多， 暑湿吐泻，胸闷腹胀,
白鼓,Bailian,AMPELOPSIS RADIX, Ampelopsis japonica （Thunb.） Makino ,葡萄科,干燥块根,,"苦,微寒",归心、胃经,清热解毒，消痈散结，敛疮生肌,用于痈 疽发背，疔疮，療痂，烧烫伤, 不宜与川乌、制川乌、草乌、制草乌、附子同用。
白鲜皮,Baixianpi,DICTAMNI CORTEX, Dictamnus dasycarpus Turcz. ,芸香科,干燥根皮,"含樗酮（C14 H16 03 ）不得少于 0.050%,", 苦，寒,归脾、胃、膀胱经,清热燥湿，祛风解毒,用于湿热疮毒，黄 水淋漓，湿疹，风疹，疥癣疮癞，风湿热痹， 黄疸尿赤,
白薇,Baiwei,CYNANCHI ATRATI RADIX ET RHIZOMA, Cynanchum atratum Bge.,萝摩科,或蔓生白薇、干燥根和根茎,, 苦、咸，寒,归胃、肝、肾经,清热凉血，利尿通淋，解毒疗疮,用于温 邪伤营发热，阴虚发热，骨蒸劳热，产后血虚发热，热淋，血淋， 痈疽肿毒,
瓜子金,Gua zijin,POLYGALAE JAPONICAE HERBA, Polygala japonica Houtt.,远志科,干燥全草,含瓜子金皂昔己（食瓦 6。23）不得少 于, 辛、苦，平,归肺经,祛痰止咳，活血消肿，解毒止痛,用于咳 嗽痰多，咽喉肿痛；外治跌打损伤，疔疮疳肿，蛇虫咬伤,
瓜萎,Gua lou,TRICHOSANTHIS FRUCTUS, Trichosanthes kirilo wii Maxim. ,葫芦科,或双边桔楼、干燥成熟果实,, 甘、微苦，寒,归肺、胃、大肠经,清热涤痰，宽胸散结， 润燥滑肠,用于肺 热咳嗽，痰浊黄稠，胸痹心痛，结胸痞满，乳痈，肺痈，肠痈，大 便秘结, 不宜与川乌、制川乌、草乌、制草乌、附子同用。
瓜萎子,Gua louzi,TRICHOSANTHIS SEMEN, Trichosanthes kirilo wii Maxim. ,葫芦科,或双边桔楼、干燥成熟种子,"含 3,29•• 二苯甲酰基桔楼仁三醇 （C44", 甘，寒,归肺、胃、大肠经,润肺化痰，滑肠通便,用于燥咳痰黏，肠 燥便秘, 不宜与川乌、制川乌、草乌、制草乌、附子同用。
炒瓜萎子,Chaogualouzi,TRICHOSANTHIS SEMEN TOSTUM,,,,,,,,,
瓜萎皮,Gua loupi,TRICHOSANTHIS PERICARPIUM, Trichosanthes kirilovuii Maxim. ,【功能与主治】 润肺化痰，滑肠通便。用于燥咳痰黏，肠葫芦科,或双,"含 3, 29-二苯甲酰基桔楼仁三醇 （C44", 甘，寒,归肺、胃、大肠经, 润肺化痰，滑肠通便,用于燥咳痰黏，肠本品为葫芦科植物桔楼 Trichosanthes kirilovuii Maxim. 或双, 不宜与川乌、制川乌、草乌、制草乌、附子同用。
冬瓜皮,Dongguapi,BENINCASAE EXOCARPIUM, Benincasa hispida （Thunb.） Cogn.,葫芦科,,,甘，凉,归脾、小肠经,利尿消肿,用于水肿胀满，小便不利，暑热口渴， 小便短赤,
冬虫夏草,Dongchongxiacao,CORDYCEPS,,,,腺#（C10H13N5。4）不得少于 0. 010%。, 甘，平,归肺、肾经,补肾益肺，止血化痰,用于肾虚精亏，阳 痿遗精，腰膝酸痛，久咳虚喘， 劳嗽咯血,久服宜慎。
冬凌草,Donglingcao,RABDOSIAE RUBESCENTIS HERBA, Rabdosia rubescens （ Hemsl.） Hara ,唇形科,干燥地上部分,含冬凌草甲素（C2。H28O6）不得少于 0., 清热解毒，活血止痛,用于咽喉肿痛，癥,痕痞块， 蛇虫咬伤,,
冬葵果,Dongkuiguo,MALVAE FRUCTUS,,,,含总酚酸以咖啡酸（C9H8O4）计不 得,甘、涩，凉。,, 清热利尿，消肿,用于尿闭， 水肿， 口渴； 尿路感染,
玄明粉,Xuanmingfen,NATRII SULFAS EXSICCATUS,,,,含硫酸钠（Na SO ）不得少于 99.0% °, 咸、苦，寒,归胃、大肠经, 泻下通便，润燥软坚，清火消肿,用于实 热积滞，大便燥结，腹满胀痛； 外治咽喉肿痛，口舌生疮， 牙龈 肿痛，目赤，痈肿，丹毒, 孕妇慎用；不宜与硫黄、三棱同用。
玄参,Xuanshen,SCROPHULARIAE RADIX, Scroph,玄参科,、,含哈巴昔（C】5 H24O10）和哈巴俄昔,"甘、苦、咸,微寒",归肺、胃、肾经, 清热凉血，滋阴降火，解毒散结,用于热 入营血，温毒发斑，热病伤阴，舌绛烦渴，津伤便秘，骨蒸劳嗽， 目赤，咽痛，白喉，瘻痂，痈肿疮毒,不宜与藜芦同用。
半边莲,Banbianlian,LOBELIAE CHINENSIS HERBA, Lobelia chinensis Lour.,桔梗科,干燥全草,,,,,,
半枝莲,Banzhilian,SCUTELLARIAE BARBATAE HERBA, Scutellaria barbata D. Don ,唇形科,干燥全草,含总黄酮以野黄苓#（C21H18O12） 计 不得少于 1.50%。,辛、苦，寒,归肺、肝、肾经,清热解毒，化瘀利尿,用于疔疮肿毒，咽喉肿痛，跌扑伤痛，水肿，黄疸，蛇虫咬伤,
半夏,Banxia,PINELLIAE RHIZOMA, Pineilia ternata （ Thunb.） Breit.,天南星科,,含野黄苓昔（C2】H18O12）不得少于 0., 辛、温; 有毒,归脾、胃、肺经,燥湿化痰，降逆止呕，消痞散结,用于湿痰寒痰，咳喘痰多，痰饮眩悸，风痰眩晕，痰厥头痛，呕吐反胃， 胸脫痞闷， 梅核气;外治痈肿痰核, 不宜与川乌、制川乌、草乌、制草乌、附子同用； 生品内服宜慎。
法半夏,Fabanxia,PINELLIAE RHIZOMA PRAEPARATUM,,,,, 辛，温,归脾、胃、肺经,燥湿化痰,用于痰多咳喘，痰饮眩悸，风痰眩晕，痰厥头痛, 不宜与川乌、制川乌、草乌、制草乌、附子同用。
姜半夏,Jiangbanxia,PINELLIAE RHIZOMA PRAEPARATUM CUM ZINGIBERE ET ALUMINE,,,,含白矶以含水硫酸铝钾〔KA1（SO4）2,辛，温,归脾、胃、肺经,温中化痰，降逆止呕,用于痰饮呕吐，胃胱痞满, 不宜与川乌、制川乌、草乌、制草乌、附子同用。
清半夏,Qingban xia,PINELLIAE RHIZOMA PRAEPARATUM CUM ALUMINE,,,,含白矶以含水硫酸铝钾〔KA1（SO4）2,辛，温,归脾、胃、肺经,燥湿化痰,用于湿痰咳嗽，胃脫痞满， 痰涎凝聚，咯吐不出, 不宜与川乌、制川乌、草乌、制草乌、附子同用。
母丁香,Mudingxiang,CARYOPHYLLI FRUCTUS, Eugenia caryophyllata Thunb.,桃金娘科,干燥近成熟果实,"含丁香酚（C】。H12。2）不得少于 0. 65% ,",辛，温,归脾、胃、肺、肾经,温中降逆，补肾助阳,用于脾胃虚寒，呃逆呕吐，食少吐泻，心腹冷痛， 肾虚阳痿,不宜与郁金同用。
丝瓜络,Sigualuo,LUFFAE FRUCTUS RETINERVUS, Luff a cylindrica （L. ） Roem.,葫芦科,干燥成熟果实维管束,, 甘，平,归肺、胃、肝经,祛风，通络，活血，下乳,用于痹痛拘挛， 胸胁胀痛， 乳汁不通，乳痈肿痛,
老鹳草,Laoguancao,ERODII HERBA GERANII HERBA, Erodium stephania,握牛儿苗科,、老鹳草、或野老鹳草、干燥地上部分前者习称长嘴老鹳草后两者习称短嘴老鹳草夏秋二季果实近成熟时釆割捆成把晒干,,辛、苦，平,归肝、肾、脾经,祛风湿，通经络，止泻痢,用于风湿痹 痛， 麻木拘挛，筋骨酸痛， 泄泻痢疾,
地龙,Dilong,PHERETIMA, Pheretima aspergillum,钳蚓科,、通俗环毛蚓、威廉环毛蚓、或栉盲环毛蚓、,, 咸，寒,归肝、脾、膀胱经,清热定惊，通络，平喘， 利尿,用于高热神昏，惊痫抽搐，关节痹痛，肢体麻木，半身不遂，肺热喘咳，水 肿尿少,
地枫皮,Difengpi,ILLICII CORTEX, Illicium difengpi K. I. B. et K. I. M.,木兰科,干燥树皮,, 微辛、涩，温； 有小毒,归膀胱、肾经,伤腰痛,无,
地肤子,Difuzi,KOCHIAE FRUCTUS, Kochia scoparia （L. ）Schrad.,藜科,干燥成熟果实,含地肤子皂# Ic（C41 H64 O13）不得 少, 辛、苦，寒,归肾、膀胱经,清热利湿，祛风止痒,用于小便涩痛，阴痒带下，风疹，湿疹，皮肤瘙痒,
地骨皮,Digupi,LYCII CORTEX, Lycium chinense Mill. ,茄科,或宁夏枸杞、干燥根皮,,甘，寒,归肺、肝、肾经,凉血除蒸，清肺降火,用于阴虚潮热，骨蒸盗汗，肺热咳嗽，咯血，通血，内热消渴,
地黄,Dihuang,REHMANNIAE RADIX, Rehmannia glutinosa Libosch. ,玄参科,新鲜或干燥块根,地黄昔 D（C27 H42O20）不得少于 0. 050%。, 鲜地黄 甘、苦，寒,归心、肝、肾经,鲜地黄清热生津，凉血，止血,用于热病伤阴，舌绛烦渴， 温毒发斑，吐血，岫血，咽喉肿痛,
熟地黄,Shudihuang,REHMANNIAE RADIX PRAEPARATA,,,,,"甘,微温",归肝、肾经, 补血滋阴，益精填髓,用于血虚萎黄，心 悸怔忡，月经不调，崩漏下血，肝肾阴虚，腰膝酸软，骨蒸潮热， 盗汗遗精， 内热消渴，眩晕，耳鸣，须发早白,
地榆,Diyu,SANGUISORBAE RADIX, Sanguisorba officinalis L.,蔷薇科,或长叶地榆、干燥根,含没食子酸（C7H6O5）不得少于 1.0%。,苦、酸、涩， 微寒,归肝、大肠经,凉血止血， 解毒敛疮,用于便血，痔血， 血痢，崩漏，水火烫伤， 痈肿疮毒,
地锦草,Dijincao,EUPHORBIAE HUMIFUSAE HERBA, Euphorbia humifusa Willd.,大戟科,或斑地锦、干燥全草,含攔皮素（如 H10O7 ）不得少于 0. 10%,辛，平,归肝、大肠经,清热解毒，凉血止血，利湿退黄,用于痢 疾， 泄泻，咯血，尿血，便血，崩漏，疮疳痈肿，湿热黄疸,
芒硝,Mangxiao,NATRII SULFAS,,,,含硫酸钠（Na2SO4 ） 不得少于, 咸、苦，寒,归胃、大肠经, 泻下通便，润燥软坚，清火消肿,用于 实热积滞，腹满胀痛，大便燥结， 肠痈肿痛；外治乳痈，痔疮  肿痛,孕妇慎用；不宜与硫黄、三棱同用。
亚乎奴（锡生藤）,Yahunu,CISSAMPELOTIS HERBA,,,,,甘、苦，温。,,消肿止痛，止血，生肌,用于外伤肿痛， 创伤出血,
亚麻,Yama,LINI SEMEN, Linum usitatissimum L.,亚麻科,干燥成熟种子,,,,,,
亚麻子,Yamazi,FLAXSEED,,,,含亚油酸（C】8 H32。2）和厂亚麻酸, 甘，平,归肺、肝、大肠经,润燥通便，养血祛风,用于肠燥便秘，皮肤干燥，瘙痒，脱发,大便滑泻者禁用。
西瓜霜,Xiguashuang,MIRABILITUM PRAEPARATUM, Citrullu s lanatus（ Thunb.）M atsumu. et Nakai ,葫芦科,成熟新鲜果实与皮硝经加工制成,,,,,,
西红花,Xihonghua,CROCI STIGMA, Crocus sativus L.,莺尾科,干燥柱头,, 苦、酸、涩， 平,归肺、大肠经," 清热生津, 解毒",用于阴虚白喉,孕妇慎用。
西青果,Xiqingguo,CHEBULAE FRUCTUS IMMATURUS, Terminalia chebula Retz.,使君子科,干燥幼,含西红花#-I （C44 H64 O24）和西红 花,甘，平,归心、肝经,活血化瘀，凉血解毒，解郁安神,用于经 闭癥痕，产后瘀阻，温毒发斑， 忧郁痞闷，惊悸发狂,
西河柳,Xiheliu,TAMARICIS CACUMEN, Tamarix chinensis Lour.,槎柳科,干燥细嫩枝叶,,甘、辛， 平,归心、肺、胃经,发表透疹，祛风除湿,用于麻疹不透，风 湿痹痛,
西洋参,Xiyangshen,PANACIS QUINQUEFOLII RADIX, Panax quinquefolium L.,五加科,干燥根,人参皂昔 Rgi（C42H72  O14）、人参皂昔 Re （C48,甘、微苦，凉,归心、肺、肾经, 补气养阴，清热生津,用于气虚阴亏，虚热烦倦，咳喘痰血，内热消渴， 口燥咽干,不宜与藜芦同用。
百合,Baihe,LILII BULBUS, Lilium lancifolium Thunb. ,百合科,百合、或纟田口十百合、干燥肉质鳞叶, 含百合多糖以无水葡萄糖（QH12O6） 计不得少于 21.0%。, 甘，寒,归心、肺经,养阴润肺， 清心安神,用于阴虚燥咳，劳嗽咳血，虚烦惊悸，失眠多梦， 精神恍惚,
百部,Baibu,STEMONAE RADIX, Stemona sessilifolia （Miq.）,百部科,,, 病，阴痒,蜜百部 润肺止咳, 嗽,,
当归,Danggui,ANGELICAE SINENSIS RADIX, Angelica sinensis （Oliv. ） Diels ,伞形科,干燥根,挥发油不得少于 0.4%（ml/g）。,甘、辛，温,归肝、心、脾经,补血活血， 调经止痛，润肠通便,用于血 虚萎黄，眩晕心悸，月经不调，经闭痛经，虚寒腹痛，风湿痹痛， 跌扑损伤，痈疽疮疡，肠燥便秘,
当药,Dangyao,SWERTIAE HERBA, Swertia pseudochinensis Hara,龙胆科,干燥全草, 含当药# （C16 H22 09 ） 不得少 于, 苦，寒,归肝、胃、大肠经, 清湿热， 健胃,用于湿热黄疸，胁痛， 痢疾腹痛，食欲不振,
虫白蜡,Chongbaila,CERA CHINENSIS,,,,,,,,,
肉女蓉,Roucongrong,CISTANCHES HERBA, Cistanche deserticola Y. C. Ma ,列当科,或管花肉欢蓉、切、干燥带鳞叶肉质茎,,甘、咸，温,归肾、大肠经,补肾阳，益精血，润肠通便,用于肾阳不 足， 精血亏虚，阳痿不孕， 腰膝酸软，筋骨无力，肠燥便秘,
肉豆蔻,Roudoukou,MYRISTICAE SEMEN, Myristica fra grans Houtt. ,肉豆蔻科,干燥种仁,肉女蓉含松果菊#（C35 H46 0% ） 和毛,,,,,
肉桂,Rougui,CINNAMOMI CORTEX, Cinnamomum cassia Presl,樟科,干燥树皮,挥发油不得少于 6.0%（ml/g）, 辛，温,归脾、胃、大肠经,温中行气， 涩肠止泻,用于脾胃虚寒，久泻不止，脱腹胀痛，食少呕吐, 有出血倾向者及孕妇慎用； 不宜与赤石脂同用。
朱砂,Zhusha,CINNABARIS,,,,"二价汞以汞（Hg）计,不得过 0. 10%。","甘,微寒；有毒",归心经,清心镇惊，安神，明目，解毒,用于心悸 易惊，失眠多梦，癫痫发狂，小儿惊风，视物昏花，口疮，喉痹， 疮疡肿毒, 本品有毒，不宜大量服用，也不宜少量久服；孕妇及肝肾功能不全者禁用。
朱砂根,Zhushagen,ARDISIAE CRENATAE RADIX, Ardisia crenata Sims ,紫金牛科,干,含岩白菜素（CuH”Q））不得少于 L5%。,微苦、辛，平,归肺、肝经,解毒消肿， 活血止痛，祛风除湿,用于咽 喉肿痛，风湿痹痛，跌打损伤,
竹节参,Zhujieshen,PANACIS JAPONICI RHIZOMA, Panax japonicus C. A. Mey. ,五加科,干燥根茎,含人参皂昔 RO（C48 H76O19）和竹节 参, 甘、微苦，温,归肝、脾、肺经,散瘀止血，消肿止痛，祛痰止咳，补虚强 壮,用于痔嗽咯血， 跌扑损伤，咳嗽痰多，病后虚弱,
竹茹,Zhuru,BAMBUSAE CAULIS IN TAENIAS, Bambusa tuldoides Munro,禾本科,大头典竹、或淡竹、,, 甘，微寒,归肺、胃、心、胆经,清热化痰，除烦，止呕,用于痰热咳嗽， 胆火挟痰，惊悸不宁，心烦失眠，中风痰迷，舌强不语，胃热呕 吐， 妊娠恶阻，胎动不安,
延胡索（元胡）,Yanhusuo,CORYDALIS RHIZOMA, Corydalis yanhusuo W. T. Wang ,罂粟科,干燥块茎,含延胡索乙素（C2】H25 NO4）不得少于, 辛、苦，温,归肝、脾经, 活血， 行气， 止痛,用于胸胁、胱腹疼痛， 胸痹心痛，经闭痛经， 产后瘀阻，跌扑肿痛,
华山参,Huashanshen,PHYSOCHLAINAE RADIX, Physochlaina infundibu,茄科,、,,,,,,不宜多服，以免中毒；青光眼患者禁服； 孕妇及 前列腺重度肥大者慎用。
自然铜,Zirantong,PYRITUM,,,,生物碱以芨若碱（CH23 20%。,甘、微苦，温;有毒,归肺、心经," 温肺祛痰，平喘止咳,安神镇 It",用于寒 痰喘咳，惊悸失眠,
伊贝母,Yibeimu,FRITILLARIAE PALLIDIFLORAE BULBUS, Fritillaria uualujemii Regel ,百合科,或伊犁贝母、干燥鳞茎,,苦、甘，微寒,归肺、心经,清热润肺，化痰止咳,用于肺热燥咳，干咳少痰，阴虚劳嗽，咳痰带血, 不宜与川乌、制川乌、草乌、制草乌、附子同用。
血余炭,Xueyutan,CRINIS CARBONISATUS,,,,,苦，平,归肝、胃经, 收敛止血，化瘀，利尿,用于吐血，咯血， 虹血，血淋，尿血，便血，崩漏，外伤出血，小便不利,
血竭,Xuejie,DRACONIS SANGUIS, Daemonorops draco BL ,棕桐科,果实渗出树脂经加工制成,血竭素（C17H14O3）不得少于10.0%。,甘、咸，平,归心、肝经,活血定痛，化瘀止血，生肌敛疮,用于跌 打损伤，心腹瘀痛，外伤出血， 疮疡不敛,
全蝎,Quan xie,SCORPIO, Buthus martensii Karsch ,钳蝎科,干燥体,,辛，平；有毒,归肝经,息风镇痉，通络止痛，攻毒散结,用于肝 风内动，痉挛抽搐，小儿惊风，中风口喝，半身不遂，破伤风，风湿顽痹，偏正头痛，疮疡，瘻痂,孕妇禁用。
合欢皮,Hehuanpi,ALBIZIAE CORTEX, Albizia julibrissin Durazz.,豆科,干燥树皮,, 甘，平,归心、肝、肺经,解郁安神，活血消肿,用于心神不安，忧郁失眠，肺痈，疮肿，跌扑伤痛,
合欢花,Hehuanhua,ALBIZIAE FLOS, Albizia julibrissin Durazz.,豆科,干燥花序或花蕾,含糊皮昔（C21 H20 0“）不得少于 1. 0%。, 甘，平,归心、肝经, 解郁安神,用于心神不安，忧郁失眠,
决明子,Juemingzi,CASSIAE SEMEN, Cassia obtusifolia L.,豆科,或决明小决、干燥成熟种子,"含大黄酚（C】5 Hlo O4）不得少于 0. 20%,",甘、苦、咸， 微寒,归肝、大肠经,清热明目，润肠通便,用于目赤涩痛，羞明多泪，头痛眩晕，目暗不明， 大便秘结,
冰片（合成龙脑）,Bingpian,bingpian,,,,樟脑（C10H16O）不得过 0. 50%。," 辛、苦,微寒",归心、脾、肺经,开窍醒神，清热止痛,用于热病神昏、惊 厥， 中风痰厥，气郁暴厥， 中恶昏迷，胸痹心痛，目赤，口疮，咽 喉肿痛，耳道流脓,孕妇慎用。
关黄柏,Guanhuangbo,PHELLODENDRI AMURENSIS CORTEX, Phellodendron amurense Rupr. ,芸香科,干燥,", 含盐酸小集碱（GoHwNCX - HC1）不得 少",苦，寒,归肾、膀胱经,1ml 含 0. 6mg 的溶液，作为对照品溶液,照薄层色谱法（通则 0502） 【功能与主治】清热燥湿，泻火除蒸，解毒疗疮,
灯心草,Deng xincao,JUNCI MEDULLA, J uncus effusus L.,灯心草科,干燥茎髓,, 甘、淡，微寒,归心、肺、小肠经,清心火，利小便,用于心烦失眠，尿少涩 痛， 口舌生疮,
灯盏细辛（灯盏花）,Dengzhan xixin,ERIGERONTIS HERBA, Erigeron breviscapus CVant. ）,菊科,,含野黄苓#（C21H18O12） 不得少于 0.,辛、微苦，温,归心、肝经, 活血通络止痛，祛风散寒,用于中风偏 瘫， 胸痹心痛，风湿痹痛， 头痛， 牙痛,
安息香,Anxixiang,BENZOINUM, Styrax tonkinensis （Pierre） Craib ex Hart.,安息香科,干燥树脂,总香脂酸以苯甲酸（0 压。2）计，不得少于 27. 0%。,辛、苦，平,归心、脾经,"开窍醒神，行气活血,止痛",用于中风痰 厥， 气郁暴厥，中恶昏迷， 心腹疼痛，产后血晕，小儿惊风,
防己,Fangji,STEPHANIAE TETRANDRAE RADIX, Stephania tetrandra S. Moore ,防己科,干燥根,含粉防己碱（&8 H42N2O6）和防己诺 林碱（C H N O ）的总量不得少于 1. 6%。,苦，寒,归膀胱、肺经,祛风止痛，利水消肿,用于风湿痹痛，水肿脚气，小便不利，湿疹疮毒,
防风,Fangfeng,SAPOSHNIKOVIAE RADIX,,,,含升麻素#（C22 H28On）和 5-0-甲 基维斯阿米醇^（C22H28O10）的总量不得少于 0. 24%。,  辛、甘，微温,归膀胱、肝、脾经,祛风解表，胜湿止痛，止痉,用于感冒头 痛， 风湿痹痛，风疹瘙痒， 破伤风,
红大戟,Hongdaji,KNOXIAE RADIX, Knoxia valerianoides Thorel et Pitard ,茜草科,干燥块根,含 3-羟基巴戟醍（C】5 H9O6）不得少 于, 苦，寒；有小毒,归肺、脾、肾经,泻水逐饮，消肿散结,用于水肿胀满，胸腹积水，痰饮积聚，气逆咳喘， 二便不利，痈肿疮毒，癱痂痰核,
红花,Honghua,CARTHAMI FLOS, Carthamus tinctorius L.,菊科,干燥花,含羟基红花黄色素 A（C27H32O16） 不,辛，温,归心、肝经, 活血通经，散瘀止痛,"用于经闭， 痛经, 恶露不行，癥痕痞块，胸痹心痛，瘀滞腹痛，胸胁刺痛，跌扑损 伤， 疮疡肿痛",孕妇慎用。
红花龙胆,Honghualongdan,GENTIANAE RHODANTHAE HERBA, Gentiana rhodantha Franch. ,龙胆科,干燥全草,",含芒果^（C19H18On ）不得少于 2. 0%。", 苦，寒,归肝、胆经, 清热除湿，解毒，止咳,"用于湿热黄疸, 小便不利， 肺热咳嗽",
红茂,Hongqi,HEDYSARI RADIX, Hedysarum polybotrys Hand.,豆科,,,"甘,微温",归肺、脾经,补气升阳，固表止汗，利水消肿，生津养 血， 行滞通痹，托毒排脓， 敛疮生肌,用于气虚乏力， 食少便 澹，中气下陷，久泻脱肛，便血崩漏，表虚自汗，气虚水肿，内热 消渴， 血虚萎黄，半身不遂， 痹痛麻木，痈疽难溃，久溃不敛,
炙红茂,Zhihongqi,HEDYSARI RADIX PRAEPARATA CUM MELLE,,,,,甘，温,归肺、脾经,补中益气,用于气虚乏力，食少便澹,
红豆蔻,Hongdoukou,GALANGAE FRUCTUS, Alpinia galanga Willd.,姜科,干燥成熟果实,,辛，温,归脾、肺经,散寒燥湿，醒脾消食,用于胱腹冷痛，食积胀满，呕吐泄泻，饮酒过多,
红参,Hongshen,GINSENG RADIX ET RHIZOMA RUBRA, Panax ginseng C. A. Mey.,五加科,栽培品经蒸制后干燥根和根茎,五氯硝基苯不得过 0.1mg/kg；,,,,,
红粉,Hongfen,HYDRARGYRI OXYDUM RUBRUM,,,,"含人参皂昔 Rgi （C42 H72O14）和人参皂昔 Re（C48H82O18）的总量不得少于 0.25%, 人参皂昔 Rb】（C54 H92O23）不得少于 0. 20%。", 甘、微苦，温,归脾、肺、心、肾经,大补元气，复脉固脱，益气摄血,用于体 虚欲脱，肢冷脉微，气不摄血， 崩漏下血, 不宜与藜芦、五灵脂同用。
红景天,Hongjingtian,RHODIOLAE CRENULATAE RADIX ET RHIZOMA, Rhodiola crenulata （Hook. f. et Thoms. ）H. Ohba ,景天科,干燥根和根茎,含红景天昔（C】4 H20 OQ 不得少于 0., 甘、苦，平,归肺、心经, 益气活血，通脉平喘,用于气虚血瘀，胸 痹心痛，中风偏瘫，倦怠气喘,
麦冬,Maidong,OPHIOPOGONIS RADIX, Ophiopogon japonicus （L. f） Ker,百合科,、干燥块根,含麦冬总皂昔以鲁斯可皂昔元 （C27,甘、微苦，微寒,归心、肺、胃经,养阴生津，润肺清心,用于肺燥干咳，阴虚捞嗽，喉痹咽痛，津伤口渴， 内热消渴，心烦失眠，肠燥便秘,
麦芽,Maiya,HORDEI FRUCTUS GERMINATUS, Hordeum vulgare L.,禾本科,成熟果实经发芽干燥炮制加工品,,甘，平,归脾、胃经,行气消食，健脾开胃，回乳消胀,用于食 积不消，胱腹胀痛，脾虚食少，乳汁郁积，乳房胀痛，妇女断乳， 肝郁胁痛，肝胃气痛,
远志,Yuan zhi,POLYGALAE RADIX, Poly gala tenuifolia Willd.,远志科,或卵叶远志、干燥根,"含细叶远志皂昔（C36 H56 012 ）,不得 少于 2.0%。",苦、辛，温,归心、肾、肺经,安神益智，交通心肾，祛痰，消肿,用于 心肾不交引起的失眠多梦、健忘惊悸、神志恍惚，咳痰不爽，疮 疡肿毒，乳房肿痛,
赤小豆,Chixiaodou,VIGNAE SEMEN, Vigna umbellata Ohwi et Ohashi ,豆科,或赤豆、泌、干燥成熟种子,,甘、酸，平,归心、小肠经,利水消肿，解毒排脓,用于水肿胀满，脚气浮肿，黄疸尿赤，风湿热痹， 痈肿疮毒，肠痈腹痛,
赤石脂,Chishizhi,HALLOYSITUM RUBRUM,,,,,甘、酸、涩，温,归大肠、胃经,涩肠，止血，生肌敛疮,用于久泻久痢， 大便出血， 崩漏带下；外治疮疡久溃不敛，湿疮脓水浸淫,不宜与肉桂同用。
赤芍,Chishao,PAEONIAE RADIX RUBRA, Paeonia lac tiflor a Pall.,毛苣科,或川赤芍、干燥根,芍药#（C23H28On）不得少于 1.8%。, 苦，微寒,归肝经,清热凉血， 散瘀止痛,用于热入营血，温毒发斑，吐血翊血，目赤肿痛，肝郁胁痛，经闭痛经，癥痕腹痛， 跌扑损伤， 痈肿疮疡,不宜与藜芦同用。
芫花,Yuanhua,GENKWA FLOS, Daphne genkzua Sieb. et Zucc. ,瑞香科,干燥花蕾,含芫花素（C】6 H12 O5）不得少于 0.,苦、辛，温; 有毒,归肺、脾、肾经,泻水逐饮；外用杀虫疗疮,用于水肿胀 满， 胸腹积水，痰饮积聚，气逆咳喘，二便不利;外治疥癣秃疮， 痈肿， 冻疮, 孕妇禁用；不宜与甘草同用。
花椒,Huajiao,ZANTHOXYLI PERICARPIUM, Zanthoxylum schinifolium Sieb. et Zucc. ,芸香科,或花椒、干燥成熟果皮,挥发油不得少于 1.5%(ml/g),辛，温,归脾、胃、肾经,温中止痛，杀虫止痒,用于脏腹冷痛，呕吐泄泻，虫积腹痛；外治湿疹， 阴痒,
花編石,Huaruishi,OPHICALCITUM,,,,碳酸钙(CaCO3)不得少于 40. 0%。, 酸、涩，平,归肝经,化瘀止血,"用于咯血，吐血，外伤出血, 跌扑伤痛",
芥子,Jiezi,SINAPIS SEMEN, Sinapis alba L.,十字花科,或芥、干燥成熟种子,,辛，温,归肺经,温肺豁痰利气，散结通络止痛,用于寒痰咳嗽，胸胁胀痛， 痰滞经络，关节麻木、疼痛，痰湿流注，阴疽肿毒,
苍术,Cangzhu,ATRACTYLODIS RHIZOMA, Atractylodes lancea （Thunb.） DC. ,菊科,或北苍术、干燥根茎,含苍术素（C13 H10 O）不得少 于 0. 30%。,辛、苦，温,归脾、胃、肝经,燥湿健脾，祛风散寒，明目,用于湿阻中 焦， 胱腹胀满，泄泻，水肿，脚气痿蹩，风湿痹痛，风寒感冒，夜 盲， 眼目昏涩,
苍耳子,Gang' erzi,XANTHII FRUCTUS, Xanthium sibiricum Patr.,菊科,干燥成熟带总苞果实,含绿原酸（C16 H18 O9 ）不得少 于, 辛、苦，温；有毒,归肺经,散风寒，通鼻窍，祛风湿,用于风寒头 痛， 鼻塞流涕，鼻航，鼻渊，风疹瘙痒， 湿痹拘挛,
荧实,Qianshi,EURYALES SEMEN, Euryale ferojc Salisb.,睡莲科,干燥成熟种仁,, 甘、涩，平,归脾、肾经,益肾固精， 补脾止泻，除湿止带,用于遗精滑精，遗尿尿频，脾虚久泻， 白浊， 带下,
芦荟,Luhui,ALOE, AZoe barbadensis Miller,百合科,好望角芦荟、或其他同属近缘植物叶汁液浓缩干,含芦荟昔（C2】 H22O9）库拉索芦荟不, 苦，寒,归肝、胃、大肠经,泻下通便，清肝泻火，杀虫疗疳,用于热 结便秘，惊痫抽搐，小儿疳积; 外治癣疮,孕妇慎用。
芦根,Lugen,PHRAGMITIS RHIZOMA, Phragmites communis Trin.,禾本科,新鲜或干燥根茎,,甘，寒,归肺、胃经,清热泻火，生津止渴，除烦，止呕，利 尿,用于热病烦渴， 肺热咳嗽，肺痈吐脓，胃热呕啰， 热淋 涩痛,
苏木,Sumu,SAPPAN LIGNUM, Caesalpinia sappan L.,豆科,干燥心材,,甘、咸，平,归心、肝、脾经,活血祛瘀， 消肿止痛,用于跌打损伤，骨 折筋伤，瘀滞肿痛，经闭痛经， 产后瘀阻，胸腹刺痛，痈疽肿痛,孕妇慎用。
苏合香,Suhexiang,STYRAX, Liquidambar orientalis Mill.,金缕梅科,树干渗出香树脂经加工精制而成,含肉桂酸（C9H8O2）不得少于 5.0%。,辛，温,归心、脾经, 开窍， 辟秽， 止痛,用于中风痰厥，猝然,
杜仲,Duzhong,EUCOMMIAE CORTEX, Eucommia ulmoides Oliv.,杜仲科,干燥树皮,松脂醇二葡萄糖昔（032 瓦 2。】6）不得少于 0. 10%。,甘，温,归肝、肾经,补肝肾，强筋骨，安胎,用于肝肾不足， 腰膝酸痛， 筋骨无力，头晕目眩，妊娠漏血， 胎动不安,
杜仲叶,Duzhongye,EUCOMMIAE FOLIUM, Eucommia ulmoides Oliv.,杜仲科,干燥叶,含绿原酸（C】6 H18 O9）不得少于 0.,微辛，温,归肝、肾经,补肝肾，强筋骨,用于肝肾不足，头晕目 眩， 腰膝酸痛，筋骨痿软,
杠板归,Gangbangui,POLYGONI PERFOLIATI HERBA, Polygonum perfoliatum L.,蓼科,干燥地上部分, 含撕皮素（C]5 Hlo O7）不得少于 0.,酸，微寒,归肺、膀胱经,清热解毒，利水消肿，止咳,用于咽喉肿 痛， 肺热咳嗽，小儿顿咳， 水肿尿少，湿热泻痢，湿疹，疳肿，蛇 虫咬伤,
巫山淫羊蕾,Wushan Yinyanghuo,EPIMEDII WUSHANENSIS FOLIUM, Epimedium wushanense T. S. Ying ,小槩科,干燥叶,含朝蕾定 C（C39 H50 0】9）不得少 于,辛、甘，温,归肝、肾经,补肾阳，强筋骨，祛风湿,用于肾阳虚 衰， 阳痿遗精，筋骨痿软， 风湿痹痛，麻木拘挛，绝经期眩晕,
豆蔻,Doukou,AMOMI FRUCTUS ROTUNDUS, Amomum kravanh Pierre ex Gagnep. ,姜科,或爪哇白豆蔻、干燥成熟果实,豆蔻仁含核油精（C10H18O）不得少 于,辛，温,归肺、脾、胃经,化湿行气，温中止呕， 开胃消食,用于湿浊中阻，不思饮食，湿温初起，胸闷不饥，寒湿呕逆，胸腹胀痛， 食积不消,
两头尖,Liangtoujian,ANEMONES RADDEANAE RHIZOMA, Anemone raddeana Regel ,毛莫科,干燥根茎,含竹节香附素 A（C47H76O16）不得少 于, 辛，热；有毒,归脾经,祛风湿，消痈肿,用于风寒湿痹，四肢拘 挛， 骨节疼痛，痈肿溃烂,孕妇禁用。
两面针,Liangmianzhen,ZANTHOXYLI RADIX, Zanthoxylum nitidum （Roxb.）DC.,芸香科,干燥根,含氯化两面针碱（C21H18NO4 - C1） 不,苦、辛，平；有小毒,归肝、胃经,活血化瘀，行气止痛，祛风通络，解毒消肿,用于跌扑损伤， 胃痛， 牙痛， 风湿痹痛，毒蛇咬伤;外治烧烫伤,不能过量服用；忌与酸味食物同服。
连钱草,Lianqiancao,GLECHOMAE HERBA, Glechoma longituba （Nakai）,唇形科,,,辛、微苦，微寒,归肝、肾、膀胱经,"利湿通淋，清热解毒,散瘀消用于热 淋，石淋， 湿热黄疸，疮痈肿痛， 跌打损伤",,
连翘,Lianqiao,FORSYTHIAE FRUCTUS, Forsythia suspensa （Thunb.） Vahl ,木犀科,干燥果实, 含连翘昔（C27 H34 0”）不得少于 0.," 苦,微寒",归肺、心、小肠经,清热解毒，消肿散结，疏散风热,用于痈 疽， 瘪痂，乳痈，丹毒，风热感冒，温病初起，温热入营，高热烦渴， 神昏发斑，热淋涩痛,
吴茱萸,Wuzhuyu,EUODIAE FRUCTUS, Euodia rutaecarpa （Juss.） Benth.,芸香科,石虎、或疏毛吴茱萸、干燥近成熟果实, 含吴茱萸碱（C19H17N3O）和吴茱萸次, 辛、苦，热；有小毒,归肝、脾、胃、肾经,散寒止痛，降逆止呕，助阳止泻,用于厥阴头痛，寒疝腹痛，寒湿脚气，经行腹痛，腕腹胀痛，呕吐吞酸， 五更泄泻,
牡丹皮,Mudanpi,MOUTAN CORTEX, Paeonia suffruticosa Andr.,毛蔑科,干燥根皮,含丹皮酚（CgHioOa）不得少于 1.2%。,苦、辛，微寒,归心、肝、肾经, 清热凉血，活血化瘀,"用于热入营血，温毒发斑，吐血岫血，夜热早凉，无汗骨蒸，经闭痛经，跌扑伤痛, 痈肿疮毒",孕妇慎用。
牡荆叶,Mujingye,VITICIS NEGUNDO FOLIUM, Vitex negundo L. var. cannabifolia ,马鞭草科,、新鲜叶,, 微苦、辛，平,归肺经, 祛痰，止咳，平喘,用于咳嗽痰多,
牡蛎,Muli,OSTREAE CONCHA, Ostrea gigas Thunberg,牡蛎科,大连湾牡蛎、或近江牡蛎、贝壳,碳酸钙(CaCO3)不得少于 94. 0%。,"咸,微寒",归肝、胆、肾经,重镇安神，潜阳补阴，软坚散结,用于惊悸失眠，眩晕耳鸣，瘪痂痰核， 癥痕痞块,
体外培育牛黄,Tiwai Peiyu Niuhuang,BOVIS CALCULUS SATIVUS,,,,"含胆酸（C24H40O5）不得少于 6.0%。胆红素对照品溶液的制备取胆红素对照品 10mg,精 密称定",甘，凉,归心、肝经,清心，豁痰，开窍，凉肝，息风，解毒,用 于热病神昏，中风痰迷， 惊痫抽搐，癫痫发狂，咽喉肿痛， 口舌生疮，痈肿疔疮,孕妇慎用；偶有轻度消化道不适。
何首乌,Heshouwu,POLYGONI MULTIFLORI RADIX, Polygonum multiflorum Thunb. ,蓼科,干燥块根,"含 2,3,5,4'-四羟基二苯乙烯-2-0-/?- D-", 苦、甘、涩，微温,归肝、心、肾经,解毒，消痈，截疟，润肠通便,用于疮痈， 療疡，风疹瘙痒， 久疟体虚，肠燥便秘,
制何首乌,Zhiheshouwu,POLYGONI MULTIFLORI RADIX PRAEPARATA,,,,"含 2,3,5,4'-四羟基二苯乙烯-2-O-p- D-葡萄糖昔（ CM H22O9）不得少于 0. 70%。","苦、甘、涩,微温",归肝、心、肾经,"补肝肾，益精血，乌须发，强筋骨,化浊降 脂",用于血虚萎黄， 眩晕耳鸣，须发早白，腰膝酸软， 肢体麻 木， 崩漏带下， 高脂血症,
伸筋草,Shenjincao,LYCOPODII HERBA, Lycopodium japonicum Thunb. ,石松科,干燥全草,,微苦、辛，温,归肝、脾、肾经,祛风除湿，舒筋活络,用于关节酸痛，屈 伸不利,
皂角刺,Zaojiaoci,GLEDITSIAE SPINA, Gleditsia sinensis Lam.,豆科,干燥棘刺,,辛，温,归肝、胃经, 消肿托毒，排脓，杀虫,用于痈疽初起或 脓成不溃； 外治疥癣麻风,
皂矶（绿矶）,Zaofan,MELANTERITUM,,,,含水硫酸亚铁（FeSO4 - 7H2O）不得少于 85.0%。,酸，凉,归肝、脾经,解毒燥湿，杀虫补血,用于黄肿胀满，疳积久痢，肠风便血，血虚萎黄， 湿疮疥癣，喉痹口疮,孕妇慎用。
佛手,Foshou,CITRI SARCODACTYLIS FRUCTUS, Citrus medica L. var. sarco,芸香科,、干燥果实,含橙皮昔（C28 H34 015）不得少于 0., 辛、苦、酸，温,归肝、脾、胃、肺经,疏肝理气，和胃止痛，燥湿化痰,用于肝胃气滞，胸胁胀痛，胃脏痞满， 食少呕吐，咳嗽痰多,
余甘子,Yuganzi,PHYLLANTHIFRUCTUS,,,,含没食子酸（C7H6O5） 不得少于,甘、酸、涩，凉,归肺、胃经,清热凉血，消食健胃，生津止咳,用于血热血瘀，消化不良，腹胀，咳嗽，喉痛，口干,
谷精草,Gu jingcao,ERIOCAULI FLOS, Eriocaulon buergerianum Koern. ,谷精草科,干燥带花茎头状花序,,,,,,
谷芽,Guya,SETARIAE FRUCTUS GERMINATUS, Setaria italica,禾本科,、成熟果实经发芽干燥炮制加工品,,甘，温,归脾、胃经, 消食和中，健脾开胃,用于食积不消，腹 胀口臭，脾胃虚弱，不饥食少,
龟甲,Gu ijia,TESTUDINIS CARAPAX  ET PLASTRUM, Chinemys reevesii （Gray,龟科,背甲及腹甲,,咸、甘，微寒,归肝、肾、心经,滋阴潜阳，益肾强骨，养血补心，固经止 崩,用于阴虚潮热， 骨蒸盗汗，头晕目眩，虚风内动， 筋骨痿 软， 心虚健忘， 崩漏经多,
龟甲胶,Guijiajiao,TESTUDINIS CARAPACIS ET PLASTRI COLLA,,,,"含 L-羟脯氨酸不得少于 5. 4%、甘氨 酸不得少于 12.4%, 丙氨酸不得少于 5. 2%、L-脯氨酸不得少 于6.2%。", 咸、甘，凉,归肝、肾、心经,滋阴，养血，止血,用于阴虚潮热，骨蒸盗汗，腰膝酸软， 血虚萎黄，崩漏带下,
辛夷,Xinyi,MAGNOLIAE FLOS, Magnolia biondii Pamp.,木兰科,玉兰,含木兰脂素（C23 H28 O7） 不得少 于,辛，温,归肺、胃经,散风寒，通鼻窍,用于风寒头痛，鼻塞流 涕， 鼻飢， 鼻渊,
羌活,Qianghuo,NOTOPTERYGII RHIZOMA ET RADIX, Notopterygium incisum Ting ex H. T. Chang ,伞形科,或宽叶羌活、干燥根茎和根,挥发油不得少于 1.4%（ml/g）。,辛、苦，温,归膀胱、肾经,"解表散寒，祛风除湿,止痛",用于风寒感 冒， 头痛项强，风湿痹痛， 肩背酸痛,
沙苑子,Shayuanzi,ASTRAGALI COMPLANATI SEMEN,,,,含沙苑子昔（C28 H32 016 ）不得少于 0.,甘，温,归肝、肾经,补肾助阳，固精缩尿，养肝明目,用于肾虚腰痛，遗精早泄，遗尿尿频， 白浊带下，眩晕，目暗昏花,
沙棘,Shaji,HIPPOPHAE FRUCTUS,,,,含总黄酮以芦丁（C27 H30O16）计不 得,酸、涩，温,归脾、胃、肺、心经,健脾消食，止咳祛痰，活血散瘀,用于脾虚食少，食积腹痛，咳嗽痰多， 胸痹心痛，瘀血经闭，跌扑瘀肿,
沉香,Chenxiang,AQUILARIAE LIGNUM RESINATUM, Aquilaria sinensis （Lour.） Gilg ,瑞香科,含有树脂木材,含沉香四醇（C】7 H18。6）不得少于 0.,辛、苦，微温,归脾、胃、肾经,行气止痛，温中止呕，纳气平喘,用于胸腹胀闷疼痛，胃寒呕吐呃逆，肾虚气逆喘急,
地丁树,Didingshu,MYRRHA, Commiphora myrrha Engl. ,橄榄科,或哈地丁树、干燥树脂,"挥发油天然没药不得少于 4.0%（ml/g）,胶质没 药不", 辛、苦，平,归心、肝、脾经, 散瘀定痛，消肿生肌,用于胸痹心痛，胃 胱疼痛，痛经经闭，产后瘀阻，癥痕腹痛，风湿痹痛，跌打损伤， 痈肿疮疡, 孕妇及胃弱者慎用。
诃子,Hezi,CHEBULAE FRUCTUS, Terminalia chebula Retz.,使君子科,、干燥成熟果实,, 苦、酸、涩， 平,归肺、大肠经,涩肠止泻，敛肺止咳， 降火利咽,用于久泻久痢，便血脱肛，肺虚喘咳， 久嗽不止，咽痛音哑,
补骨脂,Buguzhi,PSORALEAE FRUCTUS, Psoralea corylifolia L.,豆科,干燥成熟果实,含补骨脂素（C” H6O3）和异补骨脂 素, 辛、苦，温,归肾、脾经,温肾助阳，纳气平喘，温脾止泻；外用消风祛斑,用于肾阳不足， 阳痿遗精，遗尿尿频，腰膝冷痛， 肾虚 作喘，五更泄泻; 外用治白瘢风，斑秃,
灵芝,Lingzhi,GANODERMA, Ganoderma lucidum （Leyss. ex Fr. ） Karst. ,多孔菌科,或紫芝、干燥子实体,含灵芝多糖以无水葡萄糖 （C6H12O6）,甘，平,归心、肺、肝、肾经, 补气安神，止咳平喘,用于心神不宁，失 眠心悸，肺虚咳喘，虚劳短气， 不思饮食,
阿胶,Ejiao,ASINI CORII COLLA, Equus asinus L.,马科,干燥皮或鲜皮经煎煮浓缩制成固体胶,"含 L-羟脯氨酸不得少于 8. 0%,甘氨 酸不得少于 18. 0% , 丙氨酸不 得少于 7. 0% ,L-脯氨酸 不得少 于10.0%。", 甘，平,归肺、肝、肾经,补血滋阴，润燥，止血,用于血虚萎黄， 眩晕心悸，肌痿无力，心烦不眠，虚风内动，肺燥咳嗽，劳嗽咯血， 吐血尿血，便血崩漏， 妊娠胎漏,
阿魏,Awei,awei, Ferula sinkiangensis K. M. Shen ,伞形科,或阜康阿魏、树脂,挥发油不得少于 10. 0%（ml/g）。,苦、辛，温,归脾、胃经,消积，化癥，散痞，杀虫,用于肉食积滞， 瘀血癥痕， 腹中痞块，虫积腹痛,孕妇禁用。
陈皮,Chenpi,CITRI RETICULATAE PERICARPIUM, Citrus reticulata Blanco ,芸香科,及其栽培变种干燥成熟果皮, 含橙皮（C28 H34 O15 ） 不得少 于 3., 苦、辛，温,归肺、脾经,理气健脾，燥湿化痰,用于胱腹胀满，食少吐泻，咳嗽痰多,
附子,Fuzi,ACONITI LATERALIS RADIX PRAEPARAIA, Aconitum carmichaelii Debx. ,毛莫科,子根加工品,双酯型生物碱以新乌头碱（C33H45NOU）、次乌头碱（C33 H45NO10）和乌头碱（C34H47 NO】】）的总量计，不得 过0. 020%。,辛、甘，大热;有毒,归心、肾、脾经,回阳救逆，补火助阳，散寒止痛,用于 亡阳虚脱，肢冷脉微，心阳不足， 胸痹心痛，虚寒吐泻，脱腹 冷痛， 肾阳虚衰，阳痿宫冷， 阴寒水肿，阳虚外感，寒湿 痹痛,孕妇慎用；不宜与半夏、瓜篓、瓜萎子、瓜萎皮、天 花粉、川贝母、浙贝母、平贝母、伊贝母、湖北贝母、白薮、白 及同用。
忍冬藤,Rendongteng,LONICERAE JAPONICAE CAULIS, Lonicera japonica Thunb.,忍冬科,干燥茎枝,含绿原酸（C16H18O9 ）不得少于 0.10% o,甘，寒,归肺、胃经, 清热解毒，疏风通络,用于温病发热，热毒血痢，痈肿疮疡，风湿热痹， 关节红肿热痛,
鸡内金,Jineijin,GALLI GIGERII ENDOTHELIUM CORNEUM, Gallus gallus domesticus Brisson ,雉科,干燥沙囊内壁,,甘，平,归脾、胃、小肠、膀胱经, 健胃消食，涩精止遗，通淋化石,用于食积不消，呕吐泻痢，小儿疳积，遗尿，遗精，石淋涩痛，胆胀胁痛,
鸡血藤,Jixueteng,SPATHOLOBI CAULIS, Spatholobus suberectus Dunn ,豆科,干燥藤茎,,苦、甘，温,归肝、肾经,活血补血，调经止痛， 舒筋活络,用于月经不调，痛经，经闭，风湿痹痛，麻木瘫痪， 血虚萎黄,
鸡骨草,Jigucao,ABRI HERBA, Abrus cantoniensis Hance ,豆科,干燥全株,,,,,,
鸡冠花,Jiguanhua,CELOSIAE CRISTATAE FLOS, Celosia cristata L.,苑科,干燥花序,,甘、涩，凉,归肝、大肠经,收敛止血，止带，止痢,用于吐血，崩漏， 便血，痔血，赤白带下， 久痢不止,
青风藤,Qingfengteng,SINOMENII CAULIS, Sinomenium acutum （Thunb.） Rehd. et Wils.,防己科,和毛青藤、干燥藤茎, 含青藤碱（C19H23NO4 ）不得少 于 0.,苦、辛，平,归肝、脾经,祛风湿，通经络， 利小便,用于风湿痹 痛， 关节肿胀，麻痹瘙痒,
青叶胆,Qingyedan,SWERTIAE MILEENSIS HERBA, Swertia mileensis T. N. Ho et W. L. Shih ,龙胆科,干燥全草,含獐牙菜苦昔（C】6 H22O10）不得少 于, 苦、甘，寒,归肝、胆、膀胱经, 清肝利胆， 清热利湿,用于肝胆湿热，黄 疸尿赤，胆胀胁痛，热淋涩痛,虚寒者慎服。
青皮,Qingpi,CITRI RETICULATAE PERICARPIUM VIRIDE, Citrus reticulata Blanco ,芸香科,及其栽培变种干燥幼果或未成熟果实果皮,,,,,,
青果,Qingguo,CANARII FRUCTUS, Canarium album Raeusch.,橄榄科,干燥成熟,橙皮#（C28H,苦、辛，温,归肝、胆、胃经, 疏肝破气， 消积化滞,用于胸胁胀痛，疝 气疼痛，乳癖，乳痈，食积气滞，胱腹胀痛,
青箱子,Qingxiangzi,CELOSIAE SEMEN, Celosia argentea L.,觅科,干燥成熟种子,,"苦,微寒",归肝经, 清肝泻火， 明目退翳,用于肝热目赤，目 生翳膜，视物昏花，肝火眩晕, 本品有扩散瞳孔作用，青光眼患者禁用。
青蒿,Qinghao,ARTEMISIAE ANNUAE HERBA, Artemisia annua L.,菊科,干燥地上部分,,苦、辛，寒,归肝、胆经,清虚热，除骨蒸，解暑热，截疟，退黄,用 于温邪伤阴， 夜热早凉， 阴虚发热，骨蒸劳热，暑邪发热， 疟疾 寒热，湿热黄疸,
青礒石,Qingmengshi,CHLORITI LAPIS,,,,,甘、咸，平,归肺、心、肝经,坠痰下气， 平肝镇惊,用于顽痰胶结， 咳 逆喘急，癫痫发狂，烦躁胸闷， 惊风抽搐,
青黛,Qingdai,INDIGO NATURALIS,,,,含靛蓝（C16H10N2O2）不得少 于 2.0%。靛玉红照高效液相色谱法（通则 0512）测定。, 咸，寒,归肝经, 清热解毒， 凉血消斑， 泻火定惊,用于温 毒发斑，血热吐峋，胸痛咳血， 口疮， 瘁腮， 喉痹， 小儿惊痫,
玫瑰花,Meiguihua,ROSAE RUGOSAE FLOS, Rosa rugosa Thunb.,蔷薇科,干燥花蕾,,甘、微苦，温,归肝、脾经,行气解郁， 和血， 止痛,用于肝胃气痛， 食少呕恶， 月经不调，跌扑伤痛,
苦木,Kumu,PICRASMAE RAMULUS ET FOLIUM, Picrasma quassioides （D. Don） Benn.,苦木科,干燥枝和叶,, 苦，寒；有小毒,归肺、大肠经,清热解毒，祛湿,用于风热感冒，咽喉肿痛， 湿热泻痢，湿疹，疮痈，蛇虫咬伤,
苦玄参,Ku xuanshen,PICRIAE HERBA, Picria fel,玄参科,、干燥全草, 含苦玄参#IA （C41 H62O13） 不得少 于,苦，寒,归肺、胃、肝经,清热解毒，消肿止痛,用于风热感冒，咽喉 肿痛，喉痹，瘁腮，胱腹疼痛， 痢疾，跌打损伤，疗肿， 毒蛇咬伤,
苦地丁,Kudiding,CORYDALIS BUNGEANAE HERBA, Corydalis bungeana Turcz. ,罂粟科,干燥全草,, 苦，寒,归心、肝、大肠经, 清热解毒， 散结消肿,用于时疫感冒，咽 喉肿痛，疔疮肿痛，痈疽发背， 瘁腮丹毒,
苦杏仁,Kuxingren,ARMENIACAE SEMEN AMARUM, Prunus armeniaca L. var. ansu,蔷薇科,, 含苦杏仁昔（C20H27NOQ 不得少 于,"苦,微温;有小毒",归肺、大肠经,降气止咳平喘，润肠通便,用于咳嗽气 喘， 胸满痰多，肠燥便秘, 内服不宜过量，以免中毒。
苦参,Kushen,SOPHORAE FLAVESCENTIS RADIX, Sophora flavescens Ait.,豆科,干燥根,含苦参碱（C】5 H24N2O）和氧化苦参 碱, 苦，寒,归心、肝、胃、大肠、膀胱经,清热燥湿，杀虫，利尿,"用于热痢，便血， 黄疸尿闭， 赤白带下，阴肿阴痒， 湿疹，湿疮，皮肤瘙痒, 疥癣麻 风; 外治滴虫性阴道炎",不宜与藜芦同用。
苦楝皮,Kulianpi,MELIAE CORTEX, Melia toosendan Sieb. et Zucc. ,楝科,或楝、干燥树皮和根皮,含川棟素（C3°H38 。】】）应为 0. 010%,苦，寒；有毒,归肝、脾、胃经,杀虫， 疗癣,用于蛔虫病，蛻虫病，虫积 腹痛；外治疥癣瘙痒,孕妇及肝肾功能不全者慎用。
枇杷叶,Pipaye,ERIOBOTRYAE FOLIUM, Eriobotrya japonica （Thunb.） Lindl. ,蔷薇科,干燥叶,, 苦，平,归大肠、小肠、膀胱经, 清热解毒，利湿，退翳,用于赤白痢疾， 淋证涩痛， 痈肿疮毒，目生翳膜,
荷麻子,Qingmazi,ABUTILI SEMEN, Abutilon theophrasti Medic.,锦葵科,干燥成熟种子,含齐墩果酸（C30H48O3）和熊果酸 （C30,苦，微寒,归肺、胃经, 清肺止咳， 降逆止呕,用于肺热咳嗽，气 逆喘急，胃热呕逆，烦热口渴,
板蓝根,Baniangen,ISATIDIS RADIX, Isatis indigotica Fort.,十字花科,干燥根,"含（R,S）-告依春（C5H7NOS）不得 少于 0. 020%。",苦，寒,归心、胃经, 清热解毒， 凉血利咽,用于温疫时毒，发 热咽痛，温毒发斑，痒腮，烂喉丹物， 大头瘟疫，丹毒，痈肿,
松花粉,Songhuafen,PINI POLLEN, Pinus massoniana Lamb.,松科,油松、或同属数种植物干燥花粉,,甘，温,归肝、脾经,收敛止血，燥湿敛疮,"用于外伤出血，湿 疹, 黄水疮， 皮肤糜烂，脓水淋漓",
枫香脂,Fengxiangzhi,LIQUIDAMBARIS RESINA, Liquidambar formosana Hance ,金缕梅科,干燥树脂,挥发油不得少于 1.0%（ml/g）,辛、微苦，平,归肺、脾经, 活血止痛，解毒生肌， 凉血止血,用于跌 扑损伤，痈疽肿痛，吐血，通血，外伤出血,
刺五加,Ciwujia,ACANTHOPANACIS SENTICOSI RADIX ET RHIZOMA SEU CAULIS, Acanthopanax senticosus （Rupr. et Maxim. ）Harms ,五加科,干燥根和根茎或茎,含紫丁香#（C17H24O9）不得少 于 0.,辛、微苦，温,归脾、肾、心经, 益气健脾， 补肾安神,用于脾肺气虚，体 虚乏力， 食欲不振，肺肾两虚，久咳虚喘，肾虚腰膝酸痛， 心脾 不足，失眠多梦,
郁李仁,Yu liren,PRUNI SEMEN, Prunus humilis Bge.,蔷薇科,郁李、或长柄扁桃、干燥成熟种子, 含苦杏仁#（C20H27NOn） 不得少 于, 辛、苦、甘，平,归脾、大肠、小肠经, 润肠通便，下气利水,用于津枯肠燥，食 积气滞，腹胀便秘，水肿，脚气，小便不利,孕妇慎用。
郁金,Yu jin,CURCUMAE RADIX, Curcuma wenyujin Y. H. Chen et C. Ling,姜科,姜黄、广西莪术、,,辛、苦，寒,归肝、心、肺经,活血止痛，行气解郁，清心凉血，利胆退黄,用于胸胁刺痛， 胸痹心痛， 经闭痛经，乳房胀痛，热病神 昏，癫痫发狂， 血热吐通，黄疸尿赤,不宜与丁香、母丁香同用。
虎杖,Huzhang,POLYGONI CUSPIDATI RHIZOMA ET RADIX,Polygonum cuspidatum Sieb. et Zucc.,蓼科,干燥根茎和根,含大黄素（C15 H10O5）不得少于 0. 60%," 微苦,微寒",归肝、胆、肺经,利湿退黄，清热解毒，散瘀止痛，止咳化痰,用于湿热黄疸， 淋浊， 带下，风湿痹痛，痈肿疮毒， 水火烫 伤， 经闭，癥痕，跌打损伤，肺热咳嗽,孕妇慎用。
昆布,Kunbu,LAMINARIAE THALLUS ECKLONIAE THALLUS, Laminaria japonica Aresch.,海带科,或翅藻科植物昆布、干燥叶状体,海带含碘（I）不得少于 0. 35%；昆布 含碘（I）不得少于 0. 20%。,咸，寒,归肝、胃、肾经,消痰软坚散结，利水消肿,用于瘻瘤，瘪痂， 睾丸肿痛，痰饮水肿,
明党参,Mingdangshen,CHANGII RADIX, Changium smyrnioides Wolff ,伞形科,干燥根,, 甘、微苦，微寒,归肺、脾、肝经, 润肺化痰， 养阴和胃， 平肝， 解毒,用于 肺热咳嗽， 呕吐反胃，食少口干，目赤眩晕， 疔毒疮疡,
岩白菜,Yanbaicai,BERGENIAE RHIZOMA, Bergenia purpurascens （Hook. f. et Thoms. ）Engl.,虎耳草科,干燥根茎,含岩白菜素（Cu H】6。9） 不得少于 8.,苦、涩，平,归肺、肝、脾经,收敛止泻，止血止咳，舒筋活络,用于腹 泻， 痢疾， 食欲不振，内外伤出血， 肺结核咳嗽，气管炎咳嗽，风 湿疼痛，跌打损伤,
罗布麻叶,Luobumaye,APOCYNI VENETI FOLIUM, Apocynum venetum L.,夹竹桃科,干燥叶, 含金丝桃#（C21H20O12 ）不得少 于 0.,甘、苦，凉,归肝经, 平肝安神， 清热利水,用于肝阳眩晕，心 悸失眠，浮肿尿少,
罗汉果,Luohanguo,SIRAITIAE FRUCTUS, Siraitia grosvenorii （Swingle） C. Jeffrey ex A. M. Lu et Z. Y. Zhang ,葫芦科,干燥果实,含罗汉果皂^V（C60H102O29）不得 少于,甘，凉,归肺、大肠经, 清热润肺， 利咽开音， 滑肠通便,用于肺 热燥咳，咽痛失音，肠燥便秘,
知母,Zhimu,ANEMARRHENAE RHIZOMA, Anemarrhena asphodeloides Bge.,百合科,干燥根茎,",含芒果昔（C】9 田 O】】）不得少于 0. 70%",苦、甘，寒,归肺、胃、肾经,清热泻火， 滋阴润燥,用于外感热病， 高 热烦渴，肺热燥咳，骨蒸潮热， 内热消渴，肠燥便秘,
垂盆草,Chuipencao,SEDI HERBA, Sedum sarmentosum Bunge ,景天科,干燥全草,, 甘、淡，凉,归肝、胆、小肠经, 利湿退黄，清热解毒,用于湿热黄疸， 小 便不利，痈肿疮疡,
委陵菜,Weilingcai,POTENTILLAE CHINENSIS HERBA, Potentilla chinensis Ser.,蔷薇科,干燥全草,含没食子酸（ C H O ） 不得少 于 0.,,,,,
使君子,Shijunzi,QUISQUALIS FRUCTUS, Quisqualis indica L.,使君子科,干燥成熟果实,,苦，寒,归肝、大肠经, 清热解毒， 凉血止痢,用于赤痢腹痛，久 痢不止，痔疮出血，痈肿疮毒,服药时忌饮浓茶。
侧柏叶,Cebaiye,PLATYCLADI CACUMEN, Platycladus orientalis （L. ）Franco ,柏科,干燥枝梢和叶,含糊皮昔不得少于 0.10%。,苦、涩，寒,归肺、肝、脾经,凉血止血，化痰止咳，生发乌发,"用于吐血, 翊血，咯血，便血，崩漏下血， 肺热咳嗽，血热脱发，须发早白",
佩兰,Peilan,EUPATORII HERBA, Eupatorium fortunei Turcz.,菊科,干燥地上部分,挥发油不得少于 0. 30%（ml/g）。, 辛，平,归脾、胃、肺经, 芳香化湿，醒脾开胃，发表解暑,用于湿 浊中阻，腕痞呕恶，口中甜腻，口臭，多涎，暑湿表证，湿温初 起，,
金龙胆草,Jinlongdancao,CONYZAE HERBA, Conyza blinii Levi.,菊科,干燥地上部分,含苦蒿素（02 氏 2。6）不得少于 0. 30%,苦，寒,归肺、肝经,清热化痰，止咳平喘，解毒利湿，凉血止血,用于肺热咳嗽，痰多气喘，咽痛，口疮，湿热黄疸，翊血，便 血， 崩漏，外伤出血,
仝 里瞄,Jinguolan,TINOSPORAE RADIX, Tinospora sagittata（Oliv.）Gagnep. ,防己科,或金果榄、干燥块根,含古伦宾（Go H22。6）不得少于 1.0% o,苦，寒,归肺、大肠经,清热解毒， 利咽， 止痛,用于咽喉肿痛， 痈疽疔毒， 泄泻， 痢疾， 胱腹疼痛,
金沸草,Jinfeicao,INULAE HERBA, Inula linariifolia Turcz. ,菊科,或旋覆花,,苦、辛、咸， 温,归肺、大肠经,降气， 消痰，行水,用于外感风寒，痰饮 蓄结，咳喘痰多， 胸膈痞满,
金养麦,Jinqiaomai,FAGOPYRI DIBOTRYIS RHIZOMA, Fagopyrum dibotrys （D. Don） Hara,蓼科,,含表儿茶素（*乩 4。6） 不得少 于 0.,微辛、涩，凉,归肺经, 清热解毒， 排脓祛瘀,用于肺痈吐脓，肺 热喘咳，乳蛾肿痛,
金钱白花蛇,Jinqianbaihuashe,BUNGARUS PARVUS, Bungarus multicinctus Blyth ,眼镜蛇科,幼蛇干燥体,,甘、咸，温；有毒,归肝经,祛风，通络，止痉,"用于风湿顽痹，麻木拘 挛, 中风口眼喝斜， 半身不遂，抽搐痉挛, 破伤风，麻风，疥癣",
金钱草,Jinqiancao,LYSIMACHIAE HERBA, Lysimachia christinae Hance ,报春花科,干燥全草,,"甘、咸,微寒",归肝、胆、肾、膀胱经,利湿退黄，利尿通淋，解毒消肿,用于湿热 黄疸，胆胀胁痛， 石淋， 热淋， 小便涩痛，痈肿疔疮，蛇虫咬伤,
金铁锁,Jintiesuo,PSAMMOSILENES RADIX, Psammosilene tunicoides W.C. Wu et C. Y. Wu ,石竹科,干燥根,,苦、辛，温;有小毒,归肝经, 祛风除湿，散瘀止痛， 解毒消肿,用于风湿痹痛，胃胱冷痛，跌打损伤， 外伤出血；外治疮疳，蛇虫 咬伤,孕妇慎用。
金银花,Jinyinhua,LONICERAE JAPONICAE FLOS, Lonicera japonica Thunb.,忍冬科,干燥花蕾或带初开花,"含绿原酸（C16H18O9）不得少于 1.5%,",甘，寒,归肺、心、胃经,清热解毒，疏散风热,用于痈肿疔疮，喉 痹， 丹毒，热毒血痢，风热感冒， 温病发热,
金樱子,Jinyingzi,ROSAE LAEVIGATAE FRUCTUS, Rosa laevigata Michx.,蔷薇科,干燥成熟果实,,酸、甘、涩，平,归肾、膀胱、大肠经,固精缩尿，固崩止带，涩肠止泻,用于遗 精滑精， 遗尿尿频，崩漏带下，久泻久痢,
金磋石,Jinmengshi,MICAE LAPIS AUREUS,,,,, 甘、咸，平,归肺、心、肝经, 坠痰下气，平肝镇惊,用于顽痰胶结，咳逆喘急，癫痫发狂，烦躁胸闷， 惊风抽搐,
乳香,Ruxiang,OLIBANUM, Bosivellia car ter ii Birdw.,橄榄科,及同属植物、树皮渗出树脂,,,, 活血定痛，消肿生肌,用于胸痹心痛，胃胱疼痛，痛经经闭，产后瘀阻，癥痕腹痛，风湿痹痛，筋脉拘挛， 跌打损伤， 痈肿疮疡, 孕妇及胃弱者慎用。
肿节风,Zhongjiefeng,SARCANDRAE HERBA, Sarcandra glabra （Thunb. ）Nakai ,金粟兰科,干燥全草,含异嗪皮©（CnH^Os） 不得少于 0.,苦、辛，平,归心、肝经,清热凉血，活血消斑， 祛风通络,用于血热发斑发疹，风湿痹痛， 跌打损伤,
鱼腥草,Yu xingcao,HOUTTUYNIAE HERBA, Houttuynia cordata Thunb. ,三白草科,新鲜全草或干燥地上部分,, 辛，微寒,归肺经,清热解毒，消痈排脓，利尿通淋,用于肺痈吐脓，痰热喘咳，热痢，热淋，痈肿疮毒,
狗脊,Gou ji,CIBOTII RHIZOMA, Cibotium barometz（L,蚌壳蕨科,、干燥根茎,含原儿茶酸（C7H6O4）不得少 于 0. 020,苦、甘，温,归肝、肾经,祛风湿，补肝肾，强腰膝,用于风湿痹痛， 腰膝酸软，下肢无力,
京大戟,Jingdaji,EUPHORBIAE PEKINENSIS RADIX, Euphorbia pekinensis Rupr.,大戟科,寸干燥根,含大戟二烯醇（ C30H50O）不得少 于 0.,苦，寒；有毒,归肺、脾、肾经, 泻水逐饮，消肿散结,用于水肿胀满，胸腹积水，痰饮积聚，气逆咳喘， 二便不利，痈肿疮毒，凛痂痰核, 孕妇禁用；不宜与甘草同用。
闹羊花,Naoyanghua,RHODODENDRI MOLLIS FLOS, Rhododendron molle G. Don ,杜鹃花科,干燥花,,辛，温;有大毒,归肝经, 祛风除湿，散瘀定痛,用于风湿痹痛，偏正头痛，跌扑肿痛，顽癣, 不宜多服、久服;体虚者及孕妇禁用。
卷柏,Juanbai,SELAGINELLAE HERBA, Selaginella tamariscina （Beauv.） Spring ,卷柏科,或垫状卷柏、干燥全草, 含穗花杉双黄酮（C30H18O10）不得少,辛，平,归肝、心经,活血通经,用于经闭痛经，癥痕痞块， 跌扑损伤,孕妇慎用。
炉甘石,Luganshi,CALAMINA,,,,含氧化锌（ZnO）不得少于 40.0%。,甘，平,归肝、脾经, 解毒明目退翳，收湿止痒敛疮,用于目 赤肿痛，睑弦赤烂， 翳膜遮睛，餐肉攀睛，溃疡不敛， 脓水淋漓， 湿疮瘙痒,
油松节,Yousongjie,PINI LIGNUM NODI, Pinus tabulieformis Carr.,松科,或马尾松、,挥发油不得少于 0. 40%（ml/g）。a-藻烯照气相色谱法（ 通则 0521）测定。,苦、辛，温,入肝、肾经,祛风除湿，通络止痛,用于风寒湿痹，历节风痛，转筋挛急，跌打伤痛,阴虚血燥者慎用。
泽兰,Zelan,LYCOPI HERBA, Lycopus lucidus Turcz. var.hirtus Regel  ,唇形科,干燥地上部分,,苦、辛，微温,归肝、脾经,活血调经，祛瘀消痈， 利水消肿,用于月经不调，经闭，痛经，产后瘀血腹痛， 疮痈肿毒，水肿腹水,
泽泻,Ze xie,ALISMATIS RHIZOMA, Alisma orientate （ Sam.） J uzep.,泽泻科,或泽泻、干燥块茎,含 23-乙酰泽泻醇 B（C H O ）和 23-,甘、淡，寒,归肾、膀胱经,利水渗湿，泄热，化浊降脂,用于小便不 利， 水肿胀满，泄泻尿少， 痰饮眩晕，热淋涩痛，高脂血症,
降香,Jiangxiang,DALBERGIAE ODORIFERAE LIGNUM, Dalbergia odorifera T. Chen ,豆科,树干和根干燥心材,,辛，温,归肝、脾经,化瘀止血， 理气止痛,用于吐血，虹血， 外伤出血， 肝郁胁痛，胸痹刺痛，跌扑伤痛， 呕吐腹痛,
细辛,Xixin,ASARI RADIX ET RHIZOMA, Asarum heterotropoides Fr. Schmidt var. mandshuricum ,马兜铃科,、汉城细辛、或华细辛、干燥根和根茎,含马兜铃酸 I （C17HnNO7）不得 过 0.,辛，温,归心、肺、肾经,解表散寒，祛风止痛，通窍，温肺化饮, 用于风寒感冒，头痛，牙痛，鼻塞流涕，鼻飘，鼻渊，风湿痹痛， 痰饮喘咳,不宜与藜芦同用。
贯叶金丝桃,Guanyejinsitao,HYPERICI PERFORATI HERBA, Hypericum perforatum L. ,藤黄科,干燥地上部分,含金丝桃昔（C21 H20O12）不得少于 0.,辛，寒,归肝经,疏肝解郁，清热利湿， 消肿通乳,用于肝气郁结，情志不畅，心胸郁闷， 关节肿痛，乳痈，乳少,
珍珠,Zhenzhu,MARGARITA, Pteria martensii （Dunker）,珍珠贝科,蚌科动物三角帆蚌、或褶纹冠蚌、等双壳类动物受刺激形成珍珠,, 甘、咸，寒,归心、肝经,安神定惊，明目消翳，解毒生肌，润肤祛 斑,用于惊悸失眠， 惊风癫痫，目赤翳障，疮疡不敛， 皮 肤色斑,
珍珠母,Zhenzhumu,MARGARITIFERA CONCHA, Hyriopsis cumingii （Lea） ,蚌科,褶纹冠蚌、或珍珠贝科动物马氏珍珠贝、贝壳,, 咸，寒,归肝、心经,平肝潜阳，安神定惊，明目退翳,用于头痛眩晕，惊悸失眠，目赤翳障， 视物昏花,
荆芥,Jingjie,SCHIZONEPETAE HERBA, Schizonepeta tenuifolia Briq.,唇形科,干燥地上部分,挥发油不得少于 0. 60%（ml/g）。, 辛，微温,归肺、肝经, 解表散风，透疹，消疮,用于感冒， 头痛， 麻疹，风疹，疮疡初起,
荆芥炭,Jingjietan,SCHIZONEPETAE HERBA CARBONISATA,,,,,"辛、涩, 微温",归肺、肝经, 收敛止血,用于便血，崩漏，产后血晕,
荆芥穗,Jingjiesui,SCHIZONEPETAE SPICA, Schizonepeta tenuisfolia Briq.,唇形科,干燥,挥发油不得少于 0. 40% （ml/g）。, 辛，微温,归肺、肝经, 解表散风，透疹，消疮,"用于感冒，头痛, 麻疹，风疹，疮疡初起",
荆芥穗炭,Jingjiesuitan,SCHIZONEPETAE SPICA CARBONISATA,,,,,辛、涩，微温,归肺、肝经, 收涩止血,用于便血，崩漏，产后血晕,
茜草,Qiancao,RUBIAE RADIX ET RHIZOMA, Rubia cordifolia L.,茜草科,干燥根和根茎,含大叶茜草素（C17H15O4）不得少于 0.,苦，寒,归肝经,凉血，祛瘀，止血，通经,用于吐血，蛔 血， 崩漏，外伤出血，瘀阻经闭， 关节痹痛，跌扑肿痛,
萃菱,Bibo,PIPERIS LONGI FRUCTUS, Piper longum L.,胡椒科,干燥近成熟或成熟果穗, 含胡椒碱（C17H19NO3 ）不得少 于 2., 辛，热,归胃、大肠经,温中散寒，下气止痛,用于胱腹冷痛，呕 吐， 泄泻，寒凝气滞，胸痹心痛， 头痛， 牙痛,
草澄茄,Bichengqie,LITSEAE FRUCTUS, Litsea cubeba （Lour. ）Pers.,樟科,干燥成熟果实,, 辛，温,归脾、胃、肾、膀胱经, 温中散寒，行气止痛,用于胃寒呕逆，胱腹冷痛，寒疝腹痛，寒湿郁滞， 小便浑浊,
草乌,Caowu,ACONITI  KUSNEZOFFII RADIX, Aconitum kusnezoffii Reichb. ,毛芨科,干燥块根,含乌头碱（C34  H47NOn）.次乌头 碱（C33,辛、苦，热；有大毒,归心、肝、肾、脾经,祛风除湿，温经止痛,用于风寒湿痹，关节疼痛，心腹冷痛，寒疝作痛及麻醉止痛, 生品内服宜慎；孕妇禁用； 不宜与半夏、瓜萎、瓜萎子、瓜萎皮、天花粉、川贝母、浙贝母、平贝母、伊贝母、湖北 贝母、白薮、白及同用。
制草乌,Zhicaowu,ACONITI KUSNEZOFFII RADIX COCTA,,,,双酯型生物碱以乌头碱（C34 H47NO]]）、次乌头碱,辛、苦，热； 有毒,归心、肝、肾、脾经,同草乌,无,【贮藏】 同制川乌。
草乌叶,Caowuye,ACONITI KUSNEZOFFII FOLIUM,,,,, 辛、涩，平； 有小毒,,清热，解毒，止痛,用于热病发热，泄泻腹痛，头痛，牙痛,孕妇慎用。
草豆蔻,Caodoukou,ALPINIAE KATSUMADAI SEMEN, ALpinia katsumadai Hayata ,姜科,干燥近成熟种子,挥发油不得少于 1. 0%（ml/g）。,辛，温,归脾、胃经,燥湿行气，温中止呕,用于寒湿内阻， 胱腹胀满冷痛，暧气呕逆， 不思饮食,
草果,Caoguo,TSAOKO FRUCTUS, Amomum tsao,姜科,、干燥成熟果实,,,,燥湿温中，截疟除痰,用于寒湿内阻，胱腹胀痛，痞满呕吐，疟疾寒热， 瘟疫发热,
茵陈,Yinchen,ARTEMISIAE SCOPARIAE HERBA, Artemisia scoparia Waldst. et Kit. ,菊科,或茵陈蒿、干燥地上部分,含绿原酸（06 H18O9 ）不得少于0. 50%。花茵陈照高效液相色谱法（ 通则 0512）测定。,辛，温,归脾、胃经,清利湿热，利胆退黄,用于黄疸尿少，湿温暑湿，湿疮瘙痒,
茯苓,Fuling,PORIA, Poria cocos（Schw. ）Wolf ,多孔菌科,干,, 甘、淡，平,归心、肺、脾、肾经,利水渗湿，健脾，宁心,用于水肿尿少， 痰饮眩悸， 脾虚食少，便澹泄泻，心神不安， 惊悸失眠,
茯苓皮,Fulingpi,PORIAE CUTIS, Poria cocos（Schw. ）Wolf ,多孔菌科,菌核干燥外皮,,甘、淡，平,归肺、脾、肾经, 利水消肿,用于水肿，小便不利,
莞蔚子,Chongweizi,LEONURIFRUCTUS, Leonurus japonicus Houtt.,唇形科,干燥成熟果实,含盐酸水苏碱（ C7H13NO2 - HC1）不得少于 0.050%。,"辛、苦,微寒",归心包、肝经,活血调经，清肝明目,用于月经不调，经闭痛经，目赤翳障，头晕胀痛,瞳孔散大者慎用。
胡芦巴,Huluba,TRIGONELLAE SEMEN, Trigonella foenum,豆科,、干燥成熟种子,含胡芦巴碱（ GH7NO2 ）不得少 于,苦，温,归肾经,温肾助阳，祛寒止痛,用于肾阳不足，下元虚冷，小腹冷痛，寒疝腹痛， 寒湿脚气,
胡黄连,Huhuanglian,PICRORHIZAE RHIZOMA, Picrorhiza scrophulariiflora Pennell,玄参科,干燥根茎,含胡黄连昔 I （C24H28On）与胡黄连 昔, 苦，寒,归肝、胃、大肠经,退虚热，除疳热，清湿热,用于骨蒸潮 热， 小儿疳热，湿热泻痢， 黄疸尿赤，痔疮肿痛,
胡椒,Hujiao,PIPERIS FRUCTUS, Piper nigrum L.,胡椒科,干燥近成熟或成熟果实,含胡椒碱（C17H19NO3 ）不得少 于 3., 辛，热,归胃、大肠经,温中散寒，下气，消痰,用于胃寒呕吐， 腹痛泄泻， 食欲不振，癫痫痰多,
荔枝核,Lizhihe,LITCHI SEMEN, Litchi chinensis Sonn. ,无患子科,干燥成熟种子,,甘、微苦，温,归肝、肾经,行气散结，祛寒止痛,用于寒疝腹痛，睾丸肿痛,
南五味子,Nanwuweizi,SCHISANDRAE SPHENANTHERAE FRUCTUS, Schisandra sphenanthera Rehd. et Wils.,木兰科,干燥成熟果实,含五味子酯甲（ C3OH3209 ）不得少于 0., 酸、甘，温,归肺、心、肾经,收敛固涩，益气生津， 补肾宁心,用于久嗽虚喘，梦遗滑精，遗尿尿频，久泻不止，自汗盗汗，津伤口渴， 内热消渴， 心悸失眠,
南沙参,Nanshashen,ADENOPHORAE RADIX, Adenophora tetraphylla,桔梗科,、或沙参、干燥根,,甘，微寒,归肺、胃经,养阴清肺，益胃生津，化痰，益气,用于 肺热燥咳，阴虚劳嗽，干咳痰黏，胃阴不足，食少呕吐，气阴不足， 烦热口干,不宜与藜芦同用。
南板蓝根,Nanbanlangen,BAPHICACANTHIS CUSIAE RHIZOMA ET RADIX, Baphicacanthus cusia （Nees） Bremek.,爵 床科,干燥根茎和根,,苦，寒,归心、胃经, 清热解毒，凉血消斑,"用于温疫时毒，发 热咽痛，温毒发斑, 丹毒",
南鹤虱,Nanheshi,CAROTAE FRUCTUS, Daucus carota L.,伞形科,干燥成熟果实,,苦、辛，平；有小毒,归脾、胃经,杀虫消积,用于蛔虫病，蛻虫病， 绦虫 病， 虫积腹痛，小儿疳积,
枳壳,Zhiqiao,AURANTII FRUCTUS, Citru s aurantium L.,芸香科,及其栽培变种干燥未成熟果实,"含柚皮#（C27 H32O14）不得少于 4. 0%,"," 苦、辛、酸,微寒",归脾、胃经,理气宽中，行滞消胀,用于胸胁气滞，胀满疼痛，食积不化，痰饮内停， 脏器下垂,孕妇慎用。
枳实,Zhishi,AURANTII FRUCTUS IMMATURUS, Citru s aurantium L.,芸香科,及其栽培变种或甜橙、干燥幼果, 含辛弗林（GH13NO2 ）不得少 于 0.,,,破气消积，化痰散痞,用于积滞内停， 痞满胀痛，泻痢后重，大便不通，痰滞气阻，胸痹，结胸，脏器 下垂,孕妇慎用。
柏子仁,Baiziren,PLATYCLADI SEMEN, Platycladus orientalis （L. ） Franco ,柏科,干燥成熟种仁,, 甘，平,归心、肾、大肠经,养心安神，润肠通便，止汗,用于阴血不 足， 虚烦失眠，心悸怔忡， 肠燥便秘，阴虚盗汗,
桅子,Zhizi,GARDENIAE FRUCTUS, Gardenia jasminoides Ellis ,茜草科,干燥成熟果实,"含梔子昔（C”成 OK,）不得少于 1. 8%。", 苦，寒,归心、肺、三焦经, 泻火除烦，清热利湿，凉血解毒；外用消 肿止痛,用于热病心烦， 湿热黄疸，淋证涩痛，血热吐峋， 目赤 肿痛，火毒疮疡; 外治扭挫伤痛,
焦桅子,Jiaozhizi,GARDENIAE FRUCTUS PRAEPARATUS,,,,, 苦，寒,归心、肺、三焦经,凉血止血,用于血热吐血， 翊血， 尿血， 崩漏,
枸杞子,Gouqizi,LYCII FRUCTUS, Lycium barbarum L.,茄科,干燥成熟果实,含枸杞多糖以葡萄糖（C6H12O6）计不,甘，平,归肝、肾经,滋补肝肾，益精明目,用于虚劳精亏， 腰膝酸痛，眩晕耳鸣，阳萎遗精， 内热消渴，血虚萎黄，目 昏不明,
枸骨叶,Gouguye,ILICIS CORNUTAE FOLIUM, Ilex cornuta Lindl. ex Paxt.,冬青科,干燥叶,,苦，凉,归肝、肾经, 清热养阴，益肾，平肝,用于月市痔咯血， 骨蒸潮热，头晕目眩,
柿蒂,Shidi,KAKI CALYX, Diospyros kaki Thunb.,柿树科,干燥宿萼,, 苦、涩，平,归胃经, 降逆止呃,用于呃逆,
威灵仙,Weiling xian,CLEMATIDIS RADIX ET RHIZOMA, Clematis chinensis Osbeck,毛苞科,棉团铁线莲、或东北铁线莲、干燥根和根茎, 含齐墩果酸（C30H48O3）不得少 于 0., 辛、咸，温,归膀胱经,祛风湿，通经络,用于风湿痹痛，肢体麻 木， 筋脉拘挛，屈伸不利,
厚朴,Houpo,MAGNOLIAE OFFICINALIS CORTEX, Magnolia officinalis Rehd. et Wils. ,木兰科,、干燥干皮根皮及枝皮,含厚朴酚（C18H18O2）与和厚朴酚（C]8 H18 02）的总量不得少于 2. 0%。,苦、辛，温,归脾、胃、肺、大肠经,燥湿消痰，下气除满,用于湿滞伤中， 胱痞吐泻，食积气滞，腹胀便秘， 痰饮喘咳,
厚朴花,Houpohua,MAGNOLIAE OFFICINALIS FLOS, Magnolia officinalis Rehd. et Wils. ,木兰科,、干燥花蕾,厚朴酚（C18H18O2） 与和厚朴酚（C18H18O2） 的总量不得少于 0. 20%。,"苦,微温",归脾、胃经, 芳香化湿，理气宽中,"用于脾胃湿阻气 滞, 胸脫痞闷胀满， 纳谷不香",
砂仁,Sharen,AMOMI FRUCTUS, Amomum villosum Lour.,姜科,绿壳砂、或海南砂、干燥成熟果实,含乙酸龙脑酯（C12H20O2）不得少于 0.,辛，温,归脾、胃、肾经,化湿开胃，温脾止泻， 理气安胎,用于 湿浊中阻，胱痞不饥，脾胃虚寒， 呕吐泄泻，妊娠恶阻，胎动 不安,
牵牛子,Qianniuzi,PHARBITIDIS SEMEN, Pharbitis nilCL. ）Choisy ,旋花科,或圆叶牵牛、干燥成熟种子,,苦、寒；有毒,归肺、肾、大肠经,泻水通便，消痰涤饮，杀虫攻积,用于水肿胀满，二便不通，痰饮积聚， 气逆喘咳，虫积腹痛, 孕妇禁用；不宜与巴豆、巴豆霜同用。
轻粉,Qingfen,CALOMELAS,,,,氯化亚汞（H g2Cl2） 不得少于 99.0%。, 辛，寒；有毒,归大肠、小肠经,外用杀虫，攻毒，敛疮；内服祛痰消积，逐 水通便,外治用于疥疮，顽癣，臓疮，梅毒，疮疡，湿疹；内服用 于痰涎积滞，水肿臓胀， 二便不利, 本品有毒，不可过量；内服慎用； 孕妇禁服。
鸦胆子,Yadanzi,BRUCEAE FRUCTUS, Brucea javanica （L. ） Merr. ,苦木科,干燥成熟果实,含油酸（C18H34O2）不得少于 8.0%。, 苦，寒；有小毒,归大肠、肝经,清热解毒，截疟，止痢；外用腐蚀赘疣," 用于痢疾,疟疾；外治赘疣，鸡眼",
韭菜子,Jiucaizi,ALLII TUBEROSI SEMEN, Allium tuberosum Rottl. ex Spreng.,百合科,干燥成熟种子,,辛、甘，温,归肝、肾经,温补肝肾，壮阳固精,用于肝肾亏虚，腰膝酸痛，阳痿遗精，遗尿尿频， 白浊带下,
哈蟆油,Hamayou,RANAE OVIDUCTUS, Rana temporaria chensinensis David,蛙科,,, 甘、咸，平,归肺、肾经,补肾益精，养阴润肺,用于病后体弱，神疲乏力，心悸失眠，盗汗，痔嗽咳血,
骨碎补,Gusuibu,DRYNARIAE RHIZOMA, Drynaria fortunei （Kunze） J. Sm. ,水龙骨科,干燥根茎,",含柚皮昔(財禺 0】4)不得少于 0. 50% 0",苦，温,归肝、肾经, 疗伤止痛，补肾强骨; 外用消风祛斑,用 于跌扑闪挫，筋骨折伤， 肾虚腰痛，筋骨痿软，耳鸣耳聋， 牙齿 松动；外治斑秃， 白瘢风,
钟乳石,Zhongrushi,STALACTITUM,,,,碳酸钙(CaCO3)不得少于 95. 0%。,甘，温,归肺、肾、胃经,温肺，助阳，平喘，制酸，通乳,用于寒痰咳喘，阳虚冷喘， 腰膝冷痛，胃痛泛酸，乳汁不通,
钩藤,Gouteng,UNCARIAE RAMULUS CUM UNCIS, Uncaria rhynchophylla ,茜草科,、大叶钩藤、毛钩藤、华钩藤、或无柄果钩藤、干燥带钩茎枝,,甘，凉,归肝、心包经,息风定惊，清热平肝,用于肝风内动，惊痫抽搐，高热惊厥，感冒夹惊， 小儿惊啼，妊娠子痫，头痛眩晕,
香加皮,Xiangjiapi,PERIPLOCAE CORTEX, Periploca sepium Bge.,萝摩科,干燥根皮,,辛、苦，温; 有毒,归肝、肾、心经,利水消肿，祛风湿，强筋骨,用于下肢浮 肿， 心悸气短，风寒湿痹， 腰膝酸软,不宜过量服用。
香附,Xiangfu,CYPERI RHIZOMA, Cyperus rotundus L.,莎草科,干燥根茎,挥发油不得少于 1. 0%（ml/g）, 辛、微苦、微甘， 平,归肝、脾、三焦经,疏肝解郁，理气宽中，调经止痛,用于肝郁气滞，胸胁胀痛，疝气疼痛，乳房胀痛，脾胃气滞，脫腹痞闷， 胀满疼痛， 月经不调，经闭痛经,
香椽,Xiangyuan,CITRI FRUCTUS, Citru s medica L.,芸香科,或香圆、干燥成熟果实,",含柚皮昔（07 氏 0】4）不得少于 2. 5%。", 辛、苦、酸，温,归肝、脾、肺经,疏肝理气，宽中，化痰,用于肝胃气滞， 胸胁胀痛， 腕腹痞满，呕吐噫气，痰多咳嗽,
香蕾,Xiangru,MOSLAE HERBA, Mosla chinensis Maxim. ,唇形科,或江香,挥发油不得少于 0. 60%（ml/g）。,辛，微温,归肺、胃经,发汗解表，化湿和中,用于暑湿感冒，恶寒发热，头痛无汗，腹痛吐泻， 水肿， 小便不利,
重楼,Chonglou,PARIDIS RHIZOMA, Paris polyphylla Smith var. yunnanensis ,百合科,、或七口十枝花、干燥根茎,"含重楼皂#I（C44H70O16）,重楼皂昔  H","苦,微寒；有小毒",归肝经, 清热解毒，消肿止痛，凉肝定惊,用于疔疮痈肿，咽喉肿痛，蛇虫咬伤， 跌扑伤痛，惊风抽搐,
禹州漏芦,Yu zhouloulu,ECHINOPSIS RADIX, Echinops latifolius lausch.,菊科,或华东蓝刺头、干燥根,,,,,,孕妇慎用。
胆南星,Dannanxing,ARISAEMA CUM BILE,,,,含 a-三联窿吩（C H S）不得少 于,苦，寒,归胃经,清热解毒，消痈，下乳，舒筋通脉,用于乳痈肿痛， 痈疽发背，瘻痂疮毒，乳汁不通， 湿痹拘挛,孕妇慎用。
禹余粮,Yuyuliang,LIMONITUM,,,,, 甘、涩，微寒,归胃、大肠经,涩肠止泻，收敛止血,用于久泻久痢，大便出血，崩漏带下,
胖大海,Pangdahai,STERCULIAE LYCHNOPHORAE SEMEN, Sterculia lychnophora Hance ,梧桐科,干燥成熟种子,,甘，寒,归肺、大肠经,清热润肺，利咽开音，润肠通便,用于肺热声哑，干咳无痰，咽喉干痛， 热结便闭，头痛目赤,
独一味,Duyiwei,LAMIOPHLOMIS HERBA,,,,含山梔昔甲酯（C17H26On）和 8-O- 乙酰,甘、苦，平,归肝经, 活血止血，祛风止痛,用于跌打损伤，外伤出血，风湿痹痛，黄水病,
独活,Duhuo,ANGELICAE PUBESCENTIS RADIX, Angelica pubescens Maxim,伞形科,、干燥根, 含蛇床子素（C15H16O3 ） 不得少于 0.," 辛、苦,微温",归肾、膀胱经,祛风除湿，通痹止痛,用于风寒湿痹，腰膝,
急性子,Jixingzi,IMPATIENTIS SEMEN, Impatiens balsamina L.,凤仙花科,干燥成熟种子,含凤仙站四醇皂昔 K（C54 H92 O25）和 凤仙茹四醇皂昔 A（C48 H82O20）的总量不得少于 0. 20%。,微苦、辛，温;有小毒,归肺、肝经,破血，软坚，消积,用于癥療痞块，经闭， 噎,孕妇慎用。
姜黄,Jianghuang,CURCUMAE LONGAE RHIZOMA, Curcuma Longa L.,姜科,干燥根茎,挥发油不得少于 7. 0%（ml/g）, 辛、苦，温,归脾、肝经,破血行气，通经止痛,用于胸胁刺痛，胸痹心痛，痛经经闭，癥痕，风湿肩臂疼痛，跌扑肿痛,
前胡,Qianhu,PEUCEDANI RADIX, Peucedanum praeruptorum Dunn,伞形科,干燥根,含白花前胡甲素（C21H22O7）不得少于,苦、辛，微寒,归肺经,降气化痰，散风清热,用于痰热喘满，咯痰黄稠，风热咳嗽痰多,
首乌藤,Shouwuteng,POLYGONI MULTIFLORI CAULIS, Polygonum multiflorum Thunb.,蓼科,干燥藤茎,"含 2,3,5,4'-四羟基二苯乙烯-2-O-P- 。葡", 甘，平,归心、肝经,养血安神，祛风通络,用于失眠多梦， 血虚身痛，风湿痹痛，皮肤瘙痒,
洪连,Honglian,LAGOTIDIS HERBA,,,,含松果菊#（C35H46O20）不得少于0. 80%。, 苦、甘，寒,归肺、心、肝经,清热， 解毒，利湿，平肝，行血，调经,,
洋金花,Yangjinhua,DATURAE FLOS, Datura metel L.,茄科,干燥花,含东蔑若碱（C17H21NO4）不得少 于 0.15%。,辛，温;有毒,归肺、肝经,平喘止咳，解痉定痛,用于哮喘咳嗽， 腕腹冷痛，风湿痹痛，小儿慢惊; 外科麻醉,孕妇、外感及痰热咳喘、青光眼、高血压及心动过速患者禁用。
穿山龙,Chuanshanlong,DIOSCOREAE NIPPONICAE RHIZOMA, Dioscorea nipponica Makino ,薯談科,干燥根茎,含薯談皂^（C45H72O16）不得少于 1.3%。,甘、苦，温,归肝、肾、肺经,祛风除湿，舒筋通络，活血止痛，止咳平 喘,用于风湿痹病， 关节肿胀，疼痛麻木，跌扑损伤， 闪腰岔 气， 咳嗽气喘, 粉碎加工时， 注意防护，以免发生过敏反应。
穿心莲,Chuanxinlian,ANDROGRAPHIS HERBA, Andrographis paniculata （Burm.）Nees ,爵床科,干燥地上部分, 含穿心莲内酯（ C2OH3O05）.新穿心 莲内酯（C26H40O8）a4-去氧穿心莲内酯（C20H30O4）和脱水 穿心莲内酯（C20H28O4）的总量不得少于 1.5%。, 苦，寒,归心、肺、大肠、膀胱经,清热解毒，凉血，消肿,用于感冒发热， 咽喉肿痛，口舌生疮，顿咳劳嗽，泄泻痢疾，热淋涩痛，痈肿疮疡， 蛇虫咬伤,
络石藤,Luoshiteng,TRACHELOSPERMI CAULIS ET FOLIUM, Trachelospermum jasminoides,夹竹 桃科,,含络石昔（ 財 H34 012 ）不得少于 0.45%。,"苦,微寒",归心、肝、肾经,祛风通络，凉血消肿,用于风湿热痹，筋脉拘挛，腰膝酸痛，喉痹，痈肿，跌扑损伤,
秦茏,Qinjiao,GENTIANAE MACROPHYLLAE RADIX, Gentiana macrophylla Pall.,龙胆科,麻花秦充、粗茎秦茏、或秦茏、干燥根, 含龙胆苦^（C16H20O9） 和马钱昔酸, 辛、苦，平,归胃、肝、胆经,祛风湿，清湿热，止痹痛，退虚热,用于风湿痹痛， 中风半身不遂，筋脉拘挛， 骨节酸痛，湿热黄疸，骨 蒸潮热，小儿疳积发热,
秦皮,Qinpi,FRAXINI CORTEX, Fraxinus rhynchophylla Hance,木犀科,白蜡树、尖叶白蜡树、或宿柱白蜡树、干燥枝皮或干皮,,,, 清热燥湿，收涩止痢，止带，明目,用于 湿热泻痢， 赤白带下，目赤肿痛，目生翳膜,
珠子参,Zhuzishen,PANACIS MAJORIS RHIZOMA, Panax japonicus C.  A. Mey. var. major （ Burk. ） C. Y. Wu et K. M. Feng ,五加科,或羽叶三七、干燥根茎,含秦皮甲素（C15H16O9）和秦皮乙素（C9 H6 04）的总量不得少于 1.0%。饮片,苦、涩，寒,归肝、胆、大肠经,补肺养阴，祛瘀止痛，止血,用于气阴两 虚， 烦热口渴，虚劳咳嗽，跌扑损伤，关节痹痛，咳血，吐血，翊血， 崩漏，外伤出血,
莱藹子,Laifuzi,RAPHANI SEMEN, Raphanus sativus L.,十字花科,干燥成熟种子,, 辛、甘，平,归肺、脾、胃经,消食除胀，降气化痰,用于饮食停滞， 胱腹胀痛，大便秘结，积滞泻痢， 痰壅喘咳,
莲子,Lianzi,NELUMBINIS SEMEN, Nelumbo nucifera Gaertn.,睡莲科,干燥成熟种子,, 甘、涩，平,归脾、肾、心经,补脾止泻， 止带，益肾涩精，养心安神, 用于脾虚泄泻，带下，遗精，心悸失眠,
莲子心,Lianzixin,NELUMBINIS PLUMULA, Nelumbo nucifera Gaertn.,睡莲科,成熟种子中干燥幼叶及胚根,含甲基莲心碱（C38 H 0.70%。, 苦，寒,归心、肾经, 清心安神，交通心肾，涩精止血,用于热 入心包，神昏谐语，心肾不交， 失眠遗精，血热吐血,
莲房,Lianfang,NELUMBINIS RECEPTACULUM, Nelumbo nucifera Gaertn.,睡莲科,干燥花托,, 苦、涩，温,归肝经, 化瘀止血,用于崩漏，尿血，痔疮出血， 产后瘀阻， 恶露不尽,
莲须,Lian xu,STAMEN NELUMBINIS,,,,, 甘、涩，平,归心、肾经,固肾涩精,用于遗精滑精， 带下， 尿频,
莪术,Ezhu,CURCUMAE RHIZOMA, Curcuma phaeocaulis VaL,姜科,广西莪术、或温郁金、干燥根茎,挥发油不得少于 1. 5%（ml/g）。,辛、苦，温,归肝、脾经,行气破血，消积止痛,用于癥痕痞块，瘀血经闭，胸痹心痛，食积胀痛,孕妇禁用。
荷叶,Heye,NELUMBINIS FOLIUM, Nelumbo nucifera Gaertn.,睡莲科,干燥叶, 含荷叶碱（ G9H21NO2 ） 不得少于,苦，平,归肝、脾、胃经,清暑化湿，升发清阳，凉血止血,用于暑热烦渴，暑湿泄泻，脾虚泄泻， 血热吐蛆，便血崩漏,
桂枝,Gu izhi,CINNAMOMI RAMULUS, Cinnamomum cassia Presl ,樟科,干燥嫩枝,含桂皮醛（C9H8O）不得少于 1.0%。,辛、甘，温,归心、肺、膀胱经,发汗解肌，温通经脉，助阳化气，平冲降 气,用于风寒感冒， 胱腹冷痛，血寒经闭，关节痹痛， 痰饮， 水 肿， 心悸，奔豚,孕妇慎用。
桔梗,Jiegeng,PLATYCODONIS RADIX, Platycodon grandiflorum （Jacq. ）A. DC.,桔梗科,干燥根,含桔梗皂昔 D（C57 H92O28）不得少 于,苦、辛，平,归肺经,宣肺，利咽，祛痰，排脓,用于咳嗽痰多， 胸闷不畅， 咽痛音哑，肺痈吐脓,
桃仁,Taoren,PERSICAE SEMEN, Prunus persica （L. ）Batsch ,蔷薇科,或山桃、干燥成熟种子,含苦杏仁昔（財 HMNOQ 不得少 于,苦、甘，平,归心、肝、大肠经,活血祛瘀，润肠通便，止咳平喘,用于经 闭,孕妇慎用。
核桃仁,Hetaoren,JUGLANDIS SEMEN, Juglans regia L.,胡桃科,干燥成熟种子,,甘，温,归肾、肺、大肠经,补肾，温肺，润肠,用于肾阳不足，腰膝酸软，阳痿遗精， 虚寒喘嗽，肠燥便秘,
桃枝,Taozhi,PERSICAE RAMULUS, Prunus persica （L. ） Batsch ,蔷薇科,干燥枝条,, 苦，平,归心、肝经,活血通络，解毒杀虫,"用于心腹刺痛，风 湿痹痛，跌打损伤, 疮癣",
夏天无,Xiatianwu,CORYDALIS DECUMBENTIS RHIZOMA,,,,含原阿片碱（C20H19NO5）不得少于 0.,苦、微辛，温,归肝经, 活血止痛，舒筋活络，祛风除湿,用于中 风偏瘫，头痛，跌扑损伤，风湿痹痛， 腰腿疼痛,
夏枯草,Xiakucao,PRUNELLAE SPICA, Prunella vulgaris L.,唇形科,干燥果穗,含迷迭香酸（G8 H16O8 ）不得少于 0., 辛、苦，寒,归肝、胆经,清肝泻火，明目，散结消肿,用于目赤肿 痛，,
柴胡,Chaihu,BUPLEURI RADIX, Bupleurum chinense DC.,伞形科,或狭叶柴胡、干燥根,含柴胡皂（C42H68O13） 和柴胡皂 #d,辛、苦，微寒,归肝、胆、肺经, 疏散退热，疏肝解郁，升举阳气,用于感 冒发热，寒热往来，胸胁胀痛， 月经不调，子宫脱垂，脱肛, 大叶柴胡 Bupleurum longiradiatum Turcz.的 干燥根茎，表面密生环节，有毒，不可当柴胡用。
党参,Dangshen,CODONOPSIS RADIX, Codonopsis pilosula ,桔梗科,、,,甘，平,归脾、肺经,健脾益肺，养血生津,用于脾肺气虚， 食少倦怠，咳嗽虚喘，气血不足，面色萎黄，心悸气短，津伤口渴， 内热消渴,不宜与藜芦同用。
鸭跖草,Yazhicao,COMMELINAE HERBA, Commelina communis L.,鸭跖草科,干燥地上部分,,甘、淡，寒,归肺、胃、小肠经,清热泻火，解毒，利水消肿,用于感冒发 热， 热病烦渴，咽喉肿痛， 水肿尿少，热淋涩痛，痈肿疔毒,
铁皮石斛,Tiepishihu,DENDROBII OFFICINALIS CAULIS, Dendrobium officinale Kimura et Migo ,兰科,干燥茎,含铁皮石斛多糖以无水葡萄糖（C6H12O6） 计不得少于 25. 0%。,"甘,微寒",归胃、肾经, 益胃生津，滋阴清热,用于热病津伤，口 干烦渴，胃阴不足，食少干呕， 病后虚热不退，阴虚火旺， 骨蒸 劳热，目暗不明， 筋骨痿软,
积雪草,Jixuecao,CENTELLAE HERBA, Centella asiatica,伞形科,、干燥全草,含积雪草#（C48H78O19）和羟基积雪草, 苦、辛，寒,归肝、脾、肾经,清热利湿，解毒消肿,用于湿热黄疸，中暑腹泻，石淋血淋，痈肿疮毒， 跌扑损伤,
臭灵丹草,Choulingdancao,LAGGERAE HERBA, Laggera pterodonta ,菊科,、干燥地上部分,含洋艾素（ C2°H2 O08 ）不得少 于 0.,辛、苦， 寒；有毒,归肺经,清热解毒，止咳祛痰,用于风热感冒，咽喉肿痛， 肺热咳嗽,
射干,Shegan,BELAMCANDAE RHIZOMA, Belamcanda chinensis （L. ） DC. ,莺尾科,干燥根茎,含次野莺尾黄素（C20H18O8）不得少 于0. 10%。, 苦，寒,归肺经,清热解毒，消痰，利咽,用于热毒痰火郁 结， 咽喉肿痛，痰涎壅盛， 咳嗽气喘,
徐长卿,Xuchangqing,CYNANCHI PANICULATI RADIX ET RHIZOMA,,,,含丹皮酚（C9H10O3）不得少于 1. 3%。,辛，温,归肝、胃经, 祛风，化湿，止痛，止痒,用于风湿痹痛， 胃痛胀满，牙痛，腰痛，跌扑伤痛， 风疹、湿疹,
狼毒,Langdu,EUPHORBIAE EBRACTEOLATAE RADIX, Euphorbia ebracteolata Hayata,大戟科,,,气微，味微辛,,辛，平; 有毒,归肝、脾经,
凌霄花,Lingxiaohua,CAMPSIS FLOS, Campsis grandiflora （Thunb.） K. Schum. ,紫蔵科,或美洲凌霄、干燥花,,酸不溶性灰分 不得过 2.0%（通则 2302）, 【性味与归经】甘、酸，寒, 活血通经，凉血祛风,用于月经不调， 经,孕妇慎用。
高山辣根菜,Gaoshanlagencai,PEGAEOPHYTI RADIX ET RHIZOMA, Pegaeophyton scapiflorum（Hook. f. et Thoms. ）Marq. et Shaw ,十字花科,干燥根和根茎,,苦、辛，寒,归肺、肝经, 清热解毒，清肺止咳， 止血， 消肿,用于,
高良姜,Gaoliangjiang,ALPINIAE OFFICINARUM RHIZOMA, Alpinia officinarum Hance ,姜科,干燥根茎, 含高良姜素（C15H10O5）不得少 于 0., 辛，热,归脾、胃经,温胃止呕，散寒止痛,用于胱腹冷痛，胃寒呕吐，暧气吞酸,
拳参,Quanshen,BISTORTAE RHIZOMA, Polygonum bistorta L.,蓼科,干燥根茎,含没食子酸（C7 H6 05 ）不得少 于 0.,苦、涩，微寒,归肺、肝、大肠经, 清热解毒，消肿，止血,用于赤痢热泻，肺热咳嗽，痈肿瘪痂，口舌生疮，血热吐通，痔疮出血， 蛇虫咬伤,
JUA 笛宿,Fenbixie,DIOSCOREAE  HYPOGLAUCAE RHIZOMA, Dioscorea hypoglatcca Palibin ,薯菠科,干燥根茎,,苦，平,归肾、胃经, 利湿去浊，祛风除痹,用于膏淋， 白浊， 白带过多， 风湿痹痛，关节不利，腰膝疼痛,
粉葛,Fenge,PUERARIAE THOMSONII RADIX,Pueraria thornsonii Benth.,豆科,干燥根,含葛根素（C2】H2°C ）9）不得少于 0.,甘、辛，凉,归脾、胃经, 解肌退热，生津止渴，透疹，升阳止泻， 通经活络， 解酒毒,用于外感发热头痛，项背强痛， 口渴， 消 渴， 麻疹不透，热痢，泄泻，眩晕头痛， 中风偏瘫，胸痹心痛， 酒毒伤中,
益母草,Yimucao,LEONURI HERBA, Leonurus japonicus Houtt.,唇形科,新鲜或干燥地上部分,含盐酸水苏碱（C7H13NO2 - HC1）不得少于 0. 50%。, 苦、辛，微寒,归肝、心包、膀胱经,活血调经，利尿消肿，清热解毒,用于月经不调，痛经经闭，恶露不尽， 水肿尿少，疮疡肿毒,孕妇慎用。
益智,Yizhi,ALPINIAE OXYPHYLLAE FRUCTUS, Alpinia oxyphylla Miq.,姜科,干燥成熟果实,,辛，温,归脾、肾经, 暖肾固精缩尿，温脾止泻摄唾,用于肾 虚遗尿，小便频数， 遗精白浊，脾寒泄泻，腹中冷痛， 口多唾涎,
浙贝母,Zhebeimu,FRITILLARIAE THUNBERGII BULBUS, Fritillaria thunbergii Miq. ,百合科,干燥鳞茎,含贝母素甲（C27H45NO3）和贝母素 乙,苦，寒,归肺、心经,清热化痰止咳， 解毒散结消痈,用于风热咳嗽，痰火咳嗽， 肺痈， 乳痈， 凛痂， 疮毒, 不宜与川乌、制川乌、草乌、制草乌、附子同用。
娑罗子,Suoluozi,AESCULI SEMEN, Aesculus chinensis Bge.,七叶树科,、或天师栗、干燥成熟种子,含七叶皂昔 A（C55 H86O24）不得少于 0., 甘，温,归肝、胃经,疏肝理气，和胃止痛,用于肝胃气滞，胸 腹胀闷，胃胱疼痛,
海马,Haima,HIPPOCAMPUS, Hippocampus kelloggi Jordan et Snyder,海龙科,朿海马、大海马、三斑海马、或小海马海、干燥体,,甘、咸，温,归肝、肾经,温肾壮阳，散结消肿,用于阳痿，遗尿， 肾虚作喘， 癥痕积聚，跌扑损伤;外治痈肿疔疮,
海风藤,Haifengteng,PIPERIS KADSURAE CAULIS, Piper kadsura （Choisy） Ohwi ,胡椒科,干燥藤茎,,辛、苦，微温,归肝经,祛风湿，通经络，止痹痛,用于风寒湿 痹， 肢节疼痛，筋脉拘挛， 屈伸不利,
海龙,Hailong,SYNGNATHUS, Solenognathus hardwickii （Gray）,海龙科,拟海龙、或尖海龙、干燥体,,甘、咸，温,归肝、肾经,温肾壮阳，散结消肿,用于肾阳不足，阳 痿遗精，癥痕积聚，療痂痰核， 跌扑损伤;外治痈肿疔疮,
海金沙,Haijinsha,LYGODII SPORA,,,,,  甘、咸，寒,归膀胱、小肠经,清利湿热， 通淋止痛,用于热淋，石淋， 血淋，膏淋，尿道涩痛,
海螺艄,Haipiaoxiao,SEPIAE ENDOCONCHA, Sepiella maindroni de Rochebrune ,乌贼科,或金乌贼、干燥内壳,碳酸钙（CaCO3）不得少于 86.0%。, 咸、涩，温,归脾、肾经,收敛止血，涩精止带，制酸止痛，收湿敛 疮,用于吐血翊血，崩漏便血， 遗精滑精，赤白带下，胃痛吞 酸;外治损伤出血，湿疹湿疮， 溃疡不敛,
海藻,Haizao,SARGASSUM, Sargassum pallidum （Turn. ） C. Ag.,马尾藻科,或羊栖菜、干燥藻体,含海藻多糖以岩藻糖（C6H12O5）计 不得少于 L70%。, 苦、咸，寒,归肝、胃、肾经,消痰软坚散结，利水消肿,用于瘻瘤，瘪 痂， 睾丸肿痛，痰饮水肿,不宜与甘草同用。
浮萍,Fuping,SPIRODELAE HERBA, Spirodela polyrrhiza （ L.） Schleid.,浮萍科,干燥全草,, 辛，寒,归肺经,宣散风热， 透疹，利尿,用于麻疹不透， 风疹瘙痒， 水肿尿少,
通关藤,Tongguanteng,MARSDENIAE TENACISSIMAE CAULIS, Marsdenia tenacissima （Roxb. ）Wight et Arn.,萝摩科,干燥藤茎,含通关藤普 H（C42 H66O14）不得少于 0.," 苦,微寒",归肺经,止咳平喘，祛痰，通乳，清热解毒,用于 喘咳痰多， 产后乳汁不通，风湿肿痛， 疮痈,
通草,Tongcao,TETRAPANACIS MEDULLA, Tetra panax papyrifer （ Hook.） K.Koch ,五加科,干燥茎髓,,甘、淡， 微寒,归肺、胃经,清热利尿，通气下乳,用于湿热淋证，水肿尿少， 乳汁不下,孕妇慎用。
预知子,Yu zhizi,AKEBIAE FRUCTUS, Akebia quinata （ Thunb.） Decne.,木通科,三叶木通、或白木通、干燥近成熟果实,含 a-常春藤皂昔（C42 H66O12）不得 少,  苦，寒,归肝、胆、胃、膀胱经,疏肝理气， 活血止痛，散结，利尿,用于 胱胁胀痛， 痛经经闭，痰核痞块，小便不利,
桑叶,Sangye,MORI FOLIUM, Morus alba L.,桑科,干燥叶,含芦丁（C27H3°Ol6 ）不得少 于 0., 甘、苦，寒,归肺、肝经,疏散风热，清肺润燥，清肝明目,用于风 热感冒，肺热燥咳，头晕头痛， 目赤昏花,
桑白皮,Sangbaipi,MORI CORTEX, Morus alba L.,桑科,干燥根皮,,甘，寒,归肺经,泻肺平喘， 利水消肿,用于）3 市热喘咳， 水 肿胀满尿少， 面目肌肤浮肿,
桑枝,Sangzhi,MORI RAMULUS, Morus alba L.,桑科,干燥嫩枝,, 微苦， 平,归肝经,祛风湿，利关节,用于风湿痹病，肩臂、 关节酸痛麻木,
桑寄生,Sangjisheng,TAXILLI HERBA, Taxillus chinensis （DC.）Danser ,桑寄生科,干燥带叶茎枝,, 苦、甘，平,归肝、肾经, 祛风湿， 补肝肾， 强筋骨，安胎元,用于 风湿痹痛，腰膝酸软，筋骨无力，崩漏经多，妊娠漏血，胎动不 安， 头晕目眩,
桑根,Sangshen,MORI FRUCTUS, Morus alba L.,桑科,干燥果穗,,甘、酸， 寒,归心、肝、肾经,滋阴补血，生津润燥,用于肝肾阴虚，眩晕耳鸣，心悸失眠，须发早白， 津伤口渴，内热消渴，肠燥便秘,
桑螺蜡,Sangpiaoxiao,MANTIDIS OOTHECA, Tenodera sinensis Saussure,螳螂科,小刀螂、或巨斧螳螂、干燥卵鞘,, 甘、咸，平,归肝、肾经, 固精缩尿，补肾助阳,用于遗精滑精，遗尿尿频， 小便白浊,
黄山药,Huangshanyao,DIOSCOREA PANTHAICAE RHIZOMA, Dioscorea panthaica Prain et Burk.,薯籁科,干燥根茎, 含伪原薯费皂=ff（C51H82O21）不得少, 苦、微辛，平,归胃、心经,理气止痛，解毒消肿,用于胃痛，吐泻腹 痛， 跌打损伤；外治疮痈肿毒，瘪痂痰核,
黄苔,Huangqin,SCUTELLARIAE RADIX, Scutellaria baicalensis Georgi ,唇形科,干燥根,含黄苓昔（Qi H18On）不得少于 9. 0%。, 苦，寒,归肺、胆、脾、大肠、小肠经,清热燥湿， 泻火解毒，止血，安胎,用于 湿温、暑湿，胸闷呕恶，湿热痞满，泻痢，黄疸，肺热咳嗽，高热 烦渴，血热吐岫， 痈肿疮毒，胎动不安,
黄茂,Huangqi,ASTRAGALI RADIX, Astragalus membranaceus （Fisch. ）,豆科,,含黄芷甲#（C41 H68 O14 ）不得少 于 0., 甘，微温,归肺、脾经,补气升阳，固表止汗，利水消肿，生津养 血， 行滞通痹，托毒排脓， 敛疮生肌,用于气虚乏力， 食少便 清，中气下陷，久泻脱肛，便血崩漏，表虚自汗，气虚水肿，内热消渴， 血虚萎黄，半身不遂， 痹痛麻木，痈疽难溃，久溃不敛,
炙黄茂,Zhihuangqi,ASTRAGALI RADIX PRAEPARATA CUM MELLE,,,, 含黄苗甲^（C41H68O14）不得少 于 0.,甘，温,归肺、脾经, 益气补中,用于气虚乏力， 食少便澹,
黄连,Huanglian,COPTIDIS RHIZOMA, Coptis chinensis Franch.,毛莫科,三角叶黄连、或云连、干燥根茎,"以盐酸小槩碱（C20H18ClNO4）计含 小案碱（C20H17NO4）不得少于 5.5%, 表小槩碱（C20H17NO4） 不得少于 0. 80%, 黄连碱（C19H13NO4）不得少于 1.6%,巴马 汀（C21 H21NO4）不得少于 1.5%。", 苦，寒,归心、脾、胃、肝、胆、大肠经,清热燥湿，泻火解毒,用于湿热痞满，呕 吐吞酸，泻痢，黄疸，高热神昏，心火亢盛， 心烦不寐，心悸不,
黄柏,Huangbo,PHELLODENDRI  CHINENSIS CORTEX, Phellodendron chinense Schneid.,芸香科,干燥树皮, 含小案碱以盐酸小榮碱（Qo H17NO4 -, 苦，寒,归肾、膀胱经,清热燥湿，泻火除蒸，解毒疗疮,用于湿 热泻痢，黄疸尿赤，带下阴痒，热淋涩痛，脚气痿蹩，骨蒸劳热， 盗汗，遗精，疮疡肿毒， 湿疹湿疮,
黄蜀葵花,Huangshukuihua,ABELMOSCHI COROLLA, Abelmoschus manihot （L.） Medic.,锦葵科,干燥花冠, 含金丝桃^（C21H20O12）不得少 于, 甘、寒,归肾、膀胱经, 清利湿热，消肿解毒,用于湿热壅遏，淋 浊,
黄精,Huangjing,POLYGONATI RHIZOMA, Polygonatum kingianum Coll,百合科,、黄精、或多花黄精、干燥根茎,含黄精多糖以无水葡萄糖 （C6H12O6）, 甘，平,归脾、肺、肾经,补气养阴，健脾，润肺，益肾,用于脾胃 气虚，体倦乏力，胃阴不足，口干食少，肺虚燥咳，劳嗽咳血，精 血不足，腰膝酸软，须发早白， 内热消渴,
黄藤,Huangteng,FIBRAUREAE CAULIS, Fibraurea recisa Pierre. ,防己科,干燥藤茎,含盐酸巴马汀（C21H21NO4 - HC1） 不,苦，寒,归心、肝经,清热解毒，泻火通便,用于热毒内盛，便 秘， 泻痢，咽喉肿痛，目赤红肿， 痈肿疮毒,
薪寞,Ximing,THLASPI HERBA, Thlaspi arvense L.,十字花科,干燥地上部分,, 辛， 微寒,归肝、胃、大肠经,清肝明目，和中利湿，解毒消肿,用于目 赤肿痛，胱腹胀痛，胁痛，肠痈，水肿，带下，疮疗痈肿,
菠契,Baqia,SMILACIS CHINAE RHIZOMA, Smilax china L.,百合科,干燥根茎,,甘、微苦、涩，平,归肝、肾经,利湿去浊，祛风除痹，解毒散瘀,用于小 便淋浊，带下量多，风湿痹痛， 疔疮痈肿,
菟丝子,Tusizi,CUSCUTAE SEMEN, Cuscuta australis R. Br. ,旋花科,或菟丝子、干燥成熟种子,含金丝桃#（C21 H20O12）不得少 于 0.,辛、甘，平,归肝、肾、脾经, 补益肝肾，固精缩尿， 安胎， 明目， 止泻； 外用消风祛斑,用于肝肾不足，腰膝酸软，阳痿遗精，遗尿尿 频， 肾虚胎漏，胎动不安， 目昏耳鸣，脾肾虚泻；外治白瘢风,
菊苣,Juju,CICHORII HERBA CICHORII RADIX,,,,,微苦、咸，凉,归肝、胆、胃经,清肝利胆，健胃消食，利尿消肿,用于湿 热黄疸，胃痛食少，水肿尿少,
菊花,Juhua,CHRYSANTHEMI FLOS, Chrysanthemum morifolium Ramat. ,菊科,干燥头状花序,"含绿原酸（C16H18O9）不得少于 0. 20%,"," 甘、苦,微寒",归肺、肝经,散风清热，平肝明目，清热解毒,用于风 热感冒，头痛眩晕，目赤肿痛， 眼目昏花，疮痈肿毒,
梅花,Meihua,MUME FLOS, Prunus mume （ Sieb. ） Sieb. et Zucc.,蔷薇科,干燥花蕾,"含绿原酸（C16 H18O9）不得少于 3.0%, 含金丝桃昔（C2i H20O12）及异糊皮昔（C2i H20O12）的总量不得少于 0.35%。", 微酸，平,归肝、胃、肺经,疏肝和中，化痰散结,用于肝胃气痛，郁 闷心烦，梅核气， 凛痂疮毒,
救必应,Jiubiying,ILICIS ROTUNDAE CORTEX, Ilex rotunda Thunb.,冬青科,干燥树皮,"含紫丁香#（C17H24O9）不得少于 1.0%,",苦，寒,归肺、胃、大肠、肝经,清热解毒，利湿止痛,用于暑湿发热，咽 喉肿痛，湿热泻痢，脫腹胀痛，风湿痹痛，湿疹，疮疳，跌打损伤,
常山,Changshan,DICHROAE RADIX, Dichroa febrifuga Lour.,虎耳草科,干燥根,, 苦、辛，寒；有毒,归肺、肝、心经, 涌吐痰涎，截疟,"用于痰饮停聚，胸膈痞 塞, 疟疾", 有催吐副作用，用量不宜过大；孕妇慎用。
野马追,Yemazhui,EUPATORII LINDLEYANI HERBA, Eupatorium lindleyanum DC.,菊科,干燥地上部分,含金丝桃#（C21 H20 O12）不得少 于 0.,气微，味微苦涩，苦，平,归肺经,化痰止咳平喘,用于痰多咳嗽气喘,
野木瓜,Yemugua,STAUNTONIAE CAULIS ET FOLIUM, Stauntonia chinensis DC.,木通科,干燥带叶茎枝,,微苦，平,归肝、胃经,祛风止痛，舒筋活络,用于风湿痹痛，腰 腿疼痛，头痛，牙痛，痛经，跌打伤痛,
野菊花,Yejuhua,CHRYSANTHEMI INDICI FLOS, Chrysanthemum indicum L.,菊科,干燥头状花序,,,,,,
蛇床子,Shechuangzi,CNIDII FRUCTUS, Cnidium monnieri （L. ）Cuss.,伞形科,干燥成熟果实,含蒙花（C28H32O14 ）不得少于 0. 80%。,苦、辛，微寒,归腥、心经,清热解毒，泻火平肝,用于疔疮痈肿，目 赤肿痛，头痛眩晕,
蛇蜕,Shetui,绿时釆收，及时干燥。, Elaphe taeniura Cope,游蛇科,锦蛇,,咸、甘，平,归肝经, 祛风，定惊，退翳，解毒,用于小儿惊风， 抽搐痉挛，翳障，喉痹，疔肿，皮肤瘙痒,
银杏叶,Yinxingye,GINKGO FOLIUM, Ginkgo biloba L.,银杏科,干燥叶,含总黄酮醇昔不得少于 0. 40%。菇类内酯 照高效液相色谱法（ 通则 0512）测定。,甘、苦、涩，平,归心、肺经,活血化瘀，通络止痛，敛肺平喘，化浊降 脂,用于瘀血阻络， 胸痹心痛，中风偏瘫，肺虚咳喘， 高脂 血症,有实邪者忌用。
银柴胡,Yinchaihu,STELLARIAE RADIX, Stellaria dichotoma L. var. lanceolata Bge.,石竹科,干燥根,,"甘,微寒",归肝、胃经,清虚热，除疳热,用于阴虚发热，骨蒸劳 热， 小儿疳热,
甜瓜子,Tianguazi,MELO SEMEN, Cucumis melo L.,葫芦科,干燥成熟种子,,甘，寒,归肺、胃、大肠经,清肺，润肠，化瘀，排脓，疗伤止痛,用于 肺热咳嗽， 便秘， 肺痈， 肠痈， 跌打损伤，筋骨折伤,
猪牙皂,Zhuyazao,GLEDITSIAE FRUCTUS ABNORMALIS, Gleditsia sinensis Lam.,豆科,干燥不育果实,, 辛、咸，温;有小毒,归肺、大肠经,祛痰开窍，散结消肿,用于中风口噤，昏迷不醒，癫痫痰盛，关窍不通，喉痹痰阻，顽痰喘咳，咯痰不爽， 大便燥结; 外治痈肿, 孕妇及咯血、吐血患者禁用。
猪苓,Zhuling,POLYPORUS, Polyporus umbellatus （Pers.）,多孔菌科,,含麦角螢醇（C28H44O） 不得少于 0.,甘、淡，平,归肾、膀胱经, 利水渗湿,"用于小便不利，水肿， 泄泻, 淋浊,带下",
猪胆粉,Zhudanfen,SUIS FELLIS PUL VIS, Sus scrofa domestica Brisson.,猪科,胆汁干燥品,含牛磺猪去氧胆酸（C26 H45O6 NS）不, 苦，寒,归肝、胆、肺、大肠经,清热润燥，止咳平喘， 解毒,用于顿咳， 哮喘，热病燥渴， 目赤， 喉痹， 黄疸， 泄泻， 痢疾， 便秘， 痈疮 肿毒,
猫爪草,Maozhaocao,RANUNCULI TERNATI RADIX, Ranunculus ternatus Thunb. ,毛莫科,干燥块根,,甘、辛，温,归肝、肺经,化痰散结，解毒消肿,用于療痂痰核，疔疮肿毒，蛇虫咬伤,
麻黄,Mahuang,EPHEDRA, Ephedra sinica Stapf,麻黄科,中麻黄、或木贼麻黄、干燥草质茎,含盐酸麻黄碱（C10H15NO - HC1）和盐, 辛、微苦，温,归肺、膀胱经,发汗散寒，宣肺平喘，利水消肿,用于风寒感冒，胸闷喘咳，风水浮肿,
麻黄根,Mahuanggen,EPHEDRAE RADIX ET RHIZOMA, Ephedra sinica Stapf ,麻黄科,或中麻黄、干燥根和根茎,,甘、涩，平,归心、肺经, 固表止汗,用于自汗，盗汗,
鹿角,Lujiao,CERVI CORNU, Cervus elaphus Linnaeus ,鹿科,或梅花鹿、已骨化角或锯茸后翌年春季脱落角基分别习称马鹿角梅花鹿角鹿角脱盘,,咸，温,归肾、肝经,温肾阳，强筋骨，行血消肿,用于肾阳不 足， 阳痿遗精，腰脊冷痛， 阴疽疮疡，乳痈初起，瘀血肿痛,
鹿角胶,Lujiaojiao,CERVICORNUS COLLA,,,,含 L-羟脯氨酸不得少于 6. 6%、甘氨 酸不得少于 13.3%、丙氨酸不得少于 5. 2%、L-脯氨酸不得少 于7.5%。, 甘、咸，温,归肾、肝经,温补肝肾，益精养血,用于肝肾不足所 致的腰膝酸冷，阳痿遗精， 虚劳羸瘦，崩漏下血，便血尿血， 阴 疽肿痛,
鹿角霜,Lujiaoshuang,CERVI CORNU DEGELATINATUM,,,,,咸、涩，温,归肝、肾经,温肾助阳，收敛止血,用于脾肾阳虚，白带过多，遗尿尿频，崩漏下血， 疮疡不敛,
鹿茸,Lurong,CERVI CORNU PANTOTRICHUM, Cervus nippon Temminck ,鹿科,或马鹿、雄鹿未骨化密生茸毛幼角,,甘、咸，温,归肾、肝经,壮肾阳，益精血，强筋骨，调冲任，托疮 毒,用于肾阳不足， 精血亏虚，阳痿滑精，宫冷不孕， 羸瘦， 神 疲， 畏寒，眩晕，耳鸣，耳聋，腰脊冷痛，筋骨痿软，崩漏带下，阴 疽不敛,
鹿衔草,Luxiancao,PYROLAE HERBA, Pyrola calliantha H. Andres ,鹿蹄草科,或普通鹿蹄草、干燥全草,含水晶兰^（C16H22On）不得少于 0.10%。,甘、苦，温,归肝、肾经,祛风湿，强筋骨，止血，止咳,用于风湿痹痛，肾虚腰痛， 腰膝无力，月经过多，久咳劳嗽,
商陆,Shanglu,PHYTOLACCAE RADIX, Phytolacca acinosa Roxb.,商陆科,或垂序商陆、干燥根,含商陆皂昔甲（C42H66O16）不得少于 0.,苦，寒；有毒,归肺、脾、肾、大肠经,逐水消肿，通利二便;外用解毒散结,用于水肿胀满， 二便不通；外治痈肿疮毒,孕妇禁用。
旋覆花,Xuanfuhua,INULAE FLOS, Inula japonica Thunb.,菊科,或欧亚旋覆花、干燥头状花序,," 苦、辛、咸,微温",归肺、脾、胃、大肠经,降气，消痰，行水，止呕,"用于风寒咳嗽, 痰饮蓄结， 胸膈痞闷，喘咳痰多，呕吐噫气， 心下痞硬",
羚羊角,Lingyangjiao,SAIGAE TATARICAE CORNU, Saiga tatarica Linnaeus ,牛科,角,,咸，寒,归肝、心经,平肝息风，清肝明目，散血解毒,用于肝风内动，惊痫抽搐，妊娠子痫，高热痉厥，癫痫发狂，头痛眩晕， 目赤翳障， 温毒发斑，痈肿疮毒,
断血流,Duan xueliu,CLINOPODII HERBA,,,,, 微苦、涩，凉,归肝经,收敛止血,用于崩漏， 尿血， 鼻帆，牙龈出血，创伤出血,
淫羊霍,Yinyanghuo,EPIMEDII FOLIUM, Epimedium brevicomu Maxim.,小疑科,箭叶淫羊蕾、柔毛淫羊蕾、或朝鲜淫羊蕾、干燥叶,叶片含总黄酮以淫羊蕾昔（C33 H40O15）,辛、甘，温,归肝、肾经,补肾阳，强筋骨，祛风湿,用于肾阳虚 衰， 阳痿遗精，筋骨痿软， 风湿痹痛，麻木拘挛,
淡竹叶,Danzhuye,LOPHATHERI HERBA, Lophatherum gracile Brongn. ,禾本科,干燥茎叶,, 甘、淡，寒,归心、胃、小肠经,清热泻火，除烦止渴，利尿通淋,用于热 病烦渴，小便短赤涩痛， 口舌生疮,
淡豆豉,Dandouchi,SOJAE SEMEN PRAEPARATUM, Glycine max ,豆科,、干燥成熟种子,含大豆昔元（ C15H10O4） 和染料木素,苦、辛，凉,归肺、胃经, 解表，除烦，宣发郁热,用于感冒，寒热 头痛，烦躁胸闷， 虚烦不眠,
密蒙花,Mimenghua,BUDDLEJAE FLOS, Buddleja officinalis Maxim. ,马钱科,干燥花蕾和花序,蒙花^（C28H32O14）不得少于 0. 50%。,"甘,微寒",归肝经,清热泻火，养肝明目，退翳,用于目赤肿 痛， 多泪羞明，目生翳膜， 肝虚目暗，视物昏花,
续断,Xuduan,DIPSACI RADIX, Dipsacus asper Wall,川续断科,、干燥根,含川续断皂^VI（C47H76O18）不得少 于,苦、辛，微温,归肝、肾经,补肝肾，强筋骨，续折伤， 止崩漏,用于 肝肾不足，腰膝酸软，风湿痹痛，跌扑损伤，筋伤骨折，崩漏，胎 漏,
绵马贯众,Mianmaguanzhong,DRYOPTERIDIS CRASSIRHIZOMATIS RHIZOMA, Dryopteris crassirhizoma Nakai ,鳞毛蕨科,干燥根茎和叶柄残基,,"苦,微寒； 有小毒",归肝、胃经, 清热解毒，驱虫,用于虫积腹痛，疮疡,
绵箪薜,Mianbixie,DIOSCOREAE SPONGIOSAE RHIZOMA, Dioscorea spongiosa J. Q. Xi,薯籁科,、或福州薯赣、,," 苦、涩, 微寒；有小毒",归肝、胃经, 收涩止血,用于崩漏下血,
绵马贯众炭,Mianmaguanzhongtan,DRYOPTERIDIS CRASSIRHIZOMATIS RHIZOMA CARBONISATUM,,,,,苦，平,归肾、胃经,利湿去浊，祛风除痹,用于膏淋， 白浊， 白带过多， 风湿痹痛，关节不利，腰膝疼痛,
绵葷薛,Banmao,MYLABRIS, Mylabris phalerata Pallas ,芫青科,或黄黑小斑螫、干燥体,斑螯素（C10H12O4）不得少于 0. 35%。,辛，热；有大毒,归肝、胃、肾经,破血逐瘀，散结消癥，攻毒蚀疮,用于癥 痕， 经闭，顽癣，療痂，赘疣，痈疽不溃，恶疮死肌, 本品有大毒， 内服慎用；孕妇禁用。
款冬花,Kuandonghua,FARFARAE FLOS, Tussilago farfara L.,菊科,干燥花蕾,含款冬酮（ C23H34O5） 不得少 于 0., 辛、微苦，温,归肺经, 润肺下气，止咳化痰,用于新久咳嗽，喘咳痰多， 劳嗽咳血,
葛根,Gegen,PUERARIAE LOBATAE RADIX, Pueraria lobata （Willd. ）Ohwi ,豆科,干燥根,含葛根素（0】H20O9 ）不得少于 2. 4%。, 甘、辛，凉,归脾、胃、肺经, 解肌退热，生津止渴，透疹，升阳止泻， 通经活络，解酒毒,用于外感发热头痛，项背强痛，口渴，消渴， 麻疹不透， 热痢， 泄泻， 眩晕头痛，中风偏瘫，胸痹心痛， 酒 毒伤中,
孽劳子,Tinglizi,DESCURAINIAE SEMEN LEPIDII SEMEN, Descurainia sophia （L.） Webb,十字花科,、或独行菜、干燥成熟种子,含櫛皮素-3QR-D-葡萄糖-7-0-0- D -龙胆双糖昔（C33 H40O22）不得少于 0. 075 %。,辛、苦，大寒,归肺、膀胱经,泻肺平喘，行水消肿,用于痰涎壅肺，喘咳痰多，胸胁胀满，不得平卧， 胸腹水肿，小便不利,
篇蓄,Bian xu,POLYGONI AVICULARIS HERBA, Polygonum aviculare L.,蓼科,干燥地上部分, 含杨梅^（C21H20O12）不得少于 0.,"苦,微寒",归膀胱经, 利尿通淋，杀虫， 止痒,"用于热淋涩痛, 小便短赤， 虫积腹痛，皮肤湿疹，阴痒带下",
楮实子,Chushizi,BROUSSONETIAE FRUCTUS, Broussonetia papyrifera （ L.） Vent.,桑科,干燥成熟果实,,甘，寒,归肝、肾经, 补肾清肝，明目，利尿,用于肝肾不足，腰膝酸软，虚劳骨蒸， 头晕目昏，目生翳膜，水肿胀满,
棕梱,Zonglu,TRACHYCARPI PETIOLUS, Trachycarpus fortunei （Hook,棕桐科,、干燥叶柄,, 苦、涩，平,归肺、肝、大肠经, 收敛止血,"用于吐血， 峋血， 尿血，便血, 崩漏",
硫黄,Liuhuang,SULFUR,,,,硫（S）不得少于 98. 5%。,酸，温;有毒,归肾、大肠经,外用解毒杀虫疗疮；内服补火助阳通便, 外治用于疥癣，秃疮，阴疽恶疮；内服用于阳痿足冷，虚喘冷 哮， 虚寒便秘, 孕妇慎用。不宜与芒硝、玄明粉同用。
雄黄,Xionghuang,REALGAR,,,,"三价碑和五价碑的总量以碑（As）计,不得过 7.0%。", 辛，温; 有毒,归肝、大肠经,"解毒杀虫，燥湿祛痰,截疟",用于痈肿疔 疮， 蛇虫咬伤，虫积腹痛， 惊痫， 疟疾, 内服宜慎;不可久用；孕妇禁用。
紫石英,Zishiying,FLUORITUM,,,,氟化钙（CaF2）不得少于 85. 0%。,甘，温,归肾、心、肺经,温肾暖宫，镇心安神， 温肺平喘,用于肾阳亏虚，宫冷不孕，惊悸不安， 失眠多梦，虚寒咳喘,
紫花地丁,Zihuadiding,VIOLAE HERBA, Viola yedoensis Makino ,堇菜科,干燥全草,含秦皮乙素（G H6O4 ）不得少于 0., 苦、辛，寒,归心、肝经, 清热解毒，凉血消肿,用于疔疮肿毒，痈疽发背，丹毒，毒蛇咬伤,
紫花前胡,Zihuaqianhu,PEUCEDANI DECURSIVI RADIX,,,,含紫花前胡#（C20H24O9）不得少于 0., 苦、辛，微寒,归肺经,降气化痰，散风清热,用于痰热喘满，咯痰黄稠，风热咳嗽痰多,
紫苏,Zisuzi,PERILLAE FRUCTUS, Perilla frutescens ,唇形科,、干燥成熟果实,,辛，温,归肺经,降气化痰，止咳平喘，润肠通便,用于痰壅气逆，咳嗽气喘，肠燥便秘,
紫苏叶,Zisuye,PERILLAE FOLIUM, Perilla frutescens （,唇形科,1、干燥叶或带嫩枝,, 辛，温,归肺、脾经,解表散寒，行气和胃,用于风寒感冒，咳嗽呕恶，妊娠呕吐，鱼蟹中毒,
紫苏梗,Zisugeng,PERILLAE CAULIS, Perilla frutescens （L. ）Britt.,唇形科,干燥茎,挥发油不得少于 0. 40%（ml/g）。,辛，温,归肺、脾经,理气宽中， 止痛，安胎,用于胸膈痞闷， 胃胱疼痛， 暧气呕吐，胎动不安,
紫草,Zicao,ARNEBIAE RADIX, Arnebia euchroma （Royle） Johnst.,紫草科,或内蒙紫草、干燥根,羟基荼醍总色素以左旋紫草素（C16H16O5）计，不得少于 0. 80%。,甘、咸，寒,归心、肝经,清热凉血，活血解毒，透疹消斑,用于血 热毒盛，斑疹紫黑，麻疹不透， 疮疡， 湿疹， 水火烫伤,
紫珠叶,Zizhuye,CALLICARPAE FORMOSANAE FOLIUM, Callicarpa formosana Rolfe ,马鞭草科,干燥叶,含毛蕊花糖^（C29H36O15）不得少于 0.,苦、涩，凉,归肝、肺、胃经,凉血收敛止血，散瘀解毒消肿,用于虹 血， 咯血，吐血，便血，崩漏，外伤出血，热毒疮疡， 水火烫伤,
紫箕贯众,Ziqiguanzhong,OSMUNDAE RHIZOMA, M Osmunda japonica Thunb.,紫其科,干燥根茎和叶柄残基,,  苦、微寒；有小毒,归肺、胃、肝经,清热解毒，止血，杀虫,用于疫毒感冒， 热毒泻痢， 痈疮肿毒，吐血，峋血，便血，崩漏，虫积腹痛,
紫苑,Ziwan,ASTERIS RADIX ET RHIZOMA, Aster tataricus L. f. ,菊科,干燥根和根茎,含紫蒐酮（C30H50O）不得少于 0. 15%。, 辛、苦，温,归肺经, 润肺下气，消痰止咳,用于痰多喘咳嗽,
蛤壳,Geqiao,MERETRICIS CONCHA CYCLINAE CONCHA, Meretrix meretrix Linnaeus ,帘蛤科,或青蛤、贝壳,碳酸钙（CaCO3）不得少于 95.0%。,苦、咸，寒,归肺、肾、胃经, 清热化痰，软坚散结，制酸止痛；外用收 湿敛疮,"用于痰火咳嗽， 胸胁疼痛，痰中带血，瘪痂瘻瘤， 胃痛 吞酸;外治湿疹,烫伤",
蛤蛤,Gejie,GECKO, Gekko gecko Linnaeus ,壁虎科,干燥体,,咸，平,归肺、肾经,补肺益肾，纳气定喘，助阳益精,用于肺肾不足，虚喘气促，劳嗽咳血， 阳痿， 遗精,
詣之麻,Heizhima,SESAMI SEMEN NIGRUM, Sesamum indicum L.,脂麻科,干燥成熟种子,,,,,,
黑豆,Heidou,SOJAE SEMEN NIGRUM, Glycine max （L. ） Merr.,豆科,干燥成熟种子,, 甘，平,归脾、肾经,益精明目，养血祛风，利水，解毒,用于阴 虚烦渴，头晕目昏，体虚多汗，肾虚腰痛，水肿尿少，痹痛拘挛， 手足麻木，药食中毒,
黑种草子,Heizhongcaozi,NIGELLAE SEMEN,,,,含常春藤皂昔元（C30H48O4）不得少 于,甘、辛，温,,补肾健脑，通经，通乳，利尿,用于耳鸣健忘，经闭乳少， 热淋， 石淋,孕妇及热性病患者禁用。
锁阳,Suoyang,CYNOMORII HERBA, Cynomorium songaricum Rupr. ,锁阳科,干燥肉质茎, 含乙酰哈巴（C17H26On）不得少 于,甘，温,归肝、肾、大肠经,补肾阳，益精血，润肠通便,用于肾阳不 足， 精血亏虚，腰膝痿软， 阳痿滑精，肠燥便秘,
筋骨草,Jingucao,AJUGAE HERBA, Ajuga decumbens Thunb.,唇形科,干燥全草,含短叶老鹳草素 A（ C2O H26O5）不得 少, 辛，温,归肺经,发散风寒，通鼻窍，止咳,用于风寒头 痛， 咳嗽痰多，鼻塞不通， 鼻渊流涕,
番泻叶,Fan xieye,SENNAE FOLIUM, Cassia angustifolia Vahl ,豆科,或尖叶番泻、干燥小叶,含番泻昔 A（C42 H38O20）和番泻昔 B,甘、苦，寒,归大肠经,泻热行滞，通便，利水,用于热结积滞， 便秘腹痛， 水肿胀满,孕妇慎用。
湖北贝母,Hubeibeimu,FRITILLARIAE HUPEHENSIS BULBUS, Fritillaria hupehensis Hsiao et K.C. Hsia,百合科,干燥鳞茎,含贝母素乙（C27H43NO3）不得少 于 0.,微苦， 凉,归肺、心经,清热化痰，止咳， 散结,用于热痰咳嗽， 療痂痰核， 痈肿疮毒, 不宜与川乌、制川乌、草乌、制草乌、附子同用。
滑石,Huashi,TALCUM,,,,,甘、淡，寒,归膀胱、肺、胃经,利尿通淋，清热解暑;外用祛湿敛疮,"用 于热淋， 石淋， 尿热涩痛， 暑湿烦渴， 湿热水泻； 外治湿疹， 湿 疮, 瘁子",
滑石粉,Huashifen,TALCI PUL VIS,,,,"硅酸镁［M g3（Si4O10）（OH）2］,不得少于 88.0%。", 甘、淡，寒,归膀胱、肺、胃经,利尿通淋，清热解暑; 外用祛湿敛疮,用于 热淋，石淋，尿热涩痛，暑湿烦渴， 湿热水泻;外治湿疹，湿疮，瘁子,
蓍草,Shicao,ACHILLEAE HERBA, Achillea alpina L.,菊科,干燥地上部分,, 苦、酸，平,归肺、脾、膀胱经,解毒利湿， 活血止痛,用于乳蛾咽痛，泄 泻痢疾，.肠痈腹痛，热淋涩痛， 湿热带下，蛇虫咬伤,
蓝布正,Lanbuzheng,GEI HERBA, Geum aleppicum Jacq.,蔷薇科,或柔、干燥全草,含没食子酸（C7H6O5）不得少于 0.,甘、微苦，凉,归肝、脾、肺经,益气健脾，补血养阴，润肺化痰,用于气 血不足，虚痔咳嗽，脾虚带下,
菌麻子,Bimazi,RICINI SEMEN, Ricinus communis L.,大戟科,干燥成熟种子,含菌麻碱（。8 瓦卬。2）不得 过 0.32%。,甘、辛，平; 有毒,归大肠、肺经,泻下通滞， 消肿拔毒,用于大便燥结， 痈疽肿毒，喉痹，凛疡,
殡藜,Jili,TRIBULIFRUCTUS,Tribulus terrestris L.,英藜科,干燥成熟果实,含羡藜总皂昔以殡藜昔元（C27 田 04 ） 计不得少于 1.0%。," 辛、苦,微温;有小毒",归肝经,平肝解郁，活血祛风，明目，止痒,用于 头痛眩晕， 胸胁胀痛，乳闭乳痈，目赤翳障， 风疹瘙痒,
蒲公英,Pugongying,TARAXACI HERBA, Taraxacum mongolicum Hand. ,菊科,、碱地蒲公英、或同属数种植物干燥全草,含菊苣酸（C22 H18 0】2） 不得少 于,苦、甘，寒,归肝、胃经,清热解毒，消肿散结，利尿通淋,用于疔 疮肿毒，乳痈，瘪痂，目赤，咽痛，肺痈，肠痈，湿热黄疸，热淋涩痛,
蒲黄,Puhuang,TYPHAE POLLEN, Typha angustifolia L.,香蒲科,东方香蒲、或同属植物干燥花粉,含异鼠李素-3-。-新橙皮昔（C28H32 016）,甘，平,归肝、心包经,止血，化瘀，通淋,用于吐血，通血，咯 血， 崩漏，外伤出血，经闭痛经， 胸腹刺痛，跌扑肿痛，血淋 涩痛,孕妇慎用。
樁皮,Chunpi,AILANTHICORTEX, Ailanthus,苦木科,、干燥根皮或干皮,, 苦、涩，寒,归大肠、胃、肝经,清热燥湿，收涩止带，止泻，止血,用于 赤白带下， 湿热泻痢，久泻久痢，便血，崩漏,
槐花,Huaihua,SOPHORAE FLOS, Sophora japonica L.,豆科,干燥花及花蕾,含总黄酮以芦丁（C27H3°O]6 ）计槐," 苦,微寒",归肝、大肠经, 凉血止血，清肝泻火,用于便血，痔血， 血痢，崩漏，吐血，通血，肝热目赤， 头痛眩晕,
槐角,Huaijiao,SOPHORAE FRUCTUS, Sophora japonica L.,豆科,干燥成熟果实,", 含槐角昔（0】H20O］。） 不得少于 4.",,,,,
雷丸,Leiwan,OMPHALIA, Omphalia lapidescens Schroet. ,白蘑科,干燥菌核,含槐角昔（ C2i H20 O10） 不得少 于,苦，寒,归肝、大肠经,清热泻火，凉血止血,用于肠热便血，痔 肿出血，肝热头痛，眩晕目赤,
路路通,Lulutong,LIQUIDAMBARIS FRUCTUS, Liquidambar for mo sana Hance,金缕梅科,干燥成熟果序, 含路路通酸（C30H46O3）不得少于 0., 苦，平,归肝、肾经, 祛风活络，利水，通经,用于关节痹痛， 麻木拘挛， 水肿胀满，乳少，经闭,
螟蚣,Wugong,SCOLOPENDRA, Scolopendra subspinipes mutilans L. Koch ,螟 蚣科,干燥体,,辛，温;有毒,归肝经,息风镇痉， 通络止痛，攻毒散结,用于肝 风内动，痉挛抽搐，小儿惊风，中风口喝，半身不遂，破伤风，风湿顽痹，偏正头痛，疮疡，瘻痂，蛇虫咬伤,孕妇禁用。
蜂房,Fengfang,VESPAE NIDUS, Polistes olivaceous （DeGeer） x ,胡蜂科,日本长脚胡蜂、或异腹胡蜂、,, 甘，平,归胃经,攻毒杀虫，祛风止痛,"用于疮疡肿毒，乳 痈， 療疡，皮肤顽癣, 鹅掌风，牙痛，风湿痹痛",
蜂胶,Fengjiao,PROPOLIS, Apis mellifera L.,蜜蜂科,工蜂采集植物树脂与其上额腺蜡腺等分泌物混合形成具有黏性固体胶状物,含白杨素（C*  H10。4）不得少于 2.0%;,苦、辛，寒,归脾、胃经,补虚弱， 化浊脂，止消渴;外用解毒消肿，收敛生肌,"用于体虚早衰，高脂血症,消渴;外治皮肤辍裂，烧烫伤",过敏体质者慎用。
蜂蜡,Fengla,CERA FLAVA, Apis cerana Fabricius ,蜜蜂科,或意大利蜂、分泌蜡,,甘，微温,归脾经,解毒，敛疮，生肌，止痛,外用于溃疡不 敛， 臓疮糜烂，外伤破溃， 烧烫伤,
蜂蜜,Fengmi,MEL, Apis cerana Fabricius ,蜜蜂科,或意大利蜂、所酿蜜, 5-羟甲基糠醛，不得过 0. 004%。,甘，平,归肺、脾、大肠经, 补中， 润燥， 止痛， 解毒； 外用生肌敛疮,用于胱腹虚痛，肺燥干咳，肠燥便秘，解乌头类药毒；外治疮疡不 敛，水火烫伤,
锦灯笼,Jindenglong,PHYSALIS CALYX SEU FRUCTUS, Physalis alkekengi L. var. franchetii（Mast. ）Makino ,茄科,干燥宿萼或带果实宿萼,含木犀草昔（C2】 H20On）不得少于 0.,苦，寒,归肺经,清热解毒，利咽化痰，利尿通淋,用于咽 痛音哑，痰热咳嗽，小便不利， 热淋涩痛；外治天疱疮，湿疹,
矮地茶,Aidicha,ARDISIAE JAPONICAE HERBA, Ardisia japonica（Thunb.）Blume,紫金牛科,, 含岩白菜素（C14H16O9）不得少于 0.,辛、微苦，平,归肺、肝经,化痰止咳，清利湿热，活血化瘀,用于 新久咳嗽，喘满痰多，湿热黄疸， 经闭瘀阻，风湿痹痛，跌打 损伤,
满山红,Manshanhong,RHODODENDRI DAURICI FOLIUM, Rhododendron dauricum L,杜鹃花科,干燥叶,含杜鹃素（C17H16O5） 不得少 于,辛、苦，寒,归肺、脾经,止咳祛痰,用于咳嗽气喘痰多,
滇鸡血藤,Dianjixueteng,KADSURAE CAULIS, Kadsura interior A. C. Smith,木兰科,,含异型南五味子丁素（C27H30O8）不得,苦、甘，温,归肝、肾经,活血补血，调经止痛，舒筋通络,用于月 经不调，痛经，麻木瘫痪，风湿痹痛， 气血虚弱,
裸花紫珠,Luohuazizhu,CALLICARPAE NUDIFLORAE FOLIUM, Callicarpa nudiflora Hook,马鞭草科,、干燥叶,含木犀草昔（C2】 H20On）不得少于,苦、微辛，平。,,消炎，解肿毒，化湿浊，止血,用于细菌 性感染引起炎症肿毒，急性传染性肝炎，内外伤出血,
蔓荆子,Manjingzi,VITICIS FRUCTUS, Vitex trifolia L. var. simplicifolia Cham.,马鞭草科,或蔓荆、干燥成熟果实,含蔓荆子黄素（C19H18O8）不得少 于 0.," 辛、苦,微寒",归膀胱、肝、胃经,疏散风热，清利头目,用于风热感冒头 痛， 齿龈肿痛，目赤多泪， 目暗不明，头晕目眩,
蓼大青叶,Liaodaqingye,POLYGONI TINCTORII FOLIUM, Polygonum tinctorium Ait.,蓼科,干燥叶,,,,,,
樨子,Feizi,TORREYAE SEMEN, Torre ya grandis Fort.,红豆杉科,干燥成熟种子,, 甘，平,归肺、胃、大肠经, 杀虫消积， 润肺止咳，润燥通便,"用于钩虫病，蛔虫病,绦虫病，虫积腹痛，小儿疳积，肺燥咳嗽，大便秘结°",
梳藤子,Ketengzi,ENTADAE SEMEN,,,, 种仁含権藤子^（C14H18O9）不得少  于, 微苦， 凉;有小毒,入肝、脾、胃、肾经,补气补血，健胃消食，除风止痛，强筋硬 骨,用于水血不足， 面色苍白，四肢无力，脫腹疼痛， 纳呆食 少；风湿肢体关节痿软疼痛， 性冷淡,不宜生用。
槟榔,Binglang,ARECAE SEMEN, Areca catechu L.,棕桐科,干燥成熟种子,,,,,,
焦槟榔,Jiaobinglang,ARECAE SEMEN TOSTUM,,,,含槟榔碱（G H13NO2 ）不得少于 0.10%, 苦、辛，温,归胃、大肠经,消食导滞,用于食积不消， 泻痢后重,
酸枣仁,Suanzaoren,ZIZYPHUS JUJUBA,,,,, 苦、辛，温,归胃、大肠经, 杀虫，消积，行气，利水， 截疟,"用于绦虫病,蛔虫病，姜片虫病，虫积腹痛，积滞泻痢，里急后重,水肿脚 气, 疟疾",
酸枣,Suanzao,ZIZIPHI SPINOSAE SEMEN, Ziziphus jujuba Mill. var. spinosa（Bunge） Hu ex H. F. Chou ,鼠李科,干燥成熟种子,含酸枣仁皂昔A（C58H94O26）不得少 于,甘、酸，平,归肝、胆、心经, 养心补肝，宁心安神，敛汗，生津,用于 虚烦不眠， 惊悸多梦，体虚多汗，津伤口渴,
磁石,Cishi,MAGNETITUM,,,,铁（Fe） 不得少于 50. 0%。, 咸，寒,归肝、心、肾经,镇惊安神，平肝潜阳，聪耳明目，纳气平 喘,用于惊悸失眠， 头晕目眩，视物昏花，耳鸣耳聋， 肾虚 气喘,
豬莅草,Xixiancao,SIEGESBECKIAE HERBA, Siegesbeckia orientalis L.,菊科,腺梗豬签、或毛梗豬苍、干燥地上部分,含奇壬醇（C20 H34 04 ）不得少 于 0.,辛、苦，寒,归肝、肾经,祛风湿，利关节，解毒,用于风湿痹痛， 筋骨无力， 腰膝酸软，四肢麻痹，半身不遂， 风疹湿疮,
蜘蛛香,Zhizhuxiang,VALERIANAE JATAMANSI RHIZOMA ET RADIX, Valeriana jatamansi Jones ,败酱科,干燥根茎和根,,甘，寒,归肺、肝经,疏散风热，利咽，透疹，明目退翳，解痉,,
罂粟壳,Yingsuqiao,PAPAVERIS PERICARPIUM, Pa paver somniferum L.,罂粟科,干燥成熟果壳,含吗啡（C17H19 O3N）应为 0.06%〜 0., 酸、涩，平；有毒,归肺、大肠、肾经,敛肺，涩肠，止痛,用于久咳，久泻，脱 肛， 脫腹疼痛, 本品易成瘾，不宜常服；孕妇及儿童禁用；运动员慎用。
辣椒,Lajiao,CAPSICI FRUCTUS, Capsicum annuum L.,茄科,或其栽培变种干燥成熟果实,,,,,,
漏芦,Loulu,RHAPONTICI RADIX, Rhaponticum uniflorum （L.） DC.,菊科,干燥根,含辣椒素（ CM   H,辛，热,归心、脾经,吐，泻痢，冻疮,,孕妇慎用。
赭石,Zheshi,HAEMATITUM,,,,铁（Fe） 不得少于 45.0%。,苦，寒,归肝、心、肺、胃经, 平肝潜阳，重镇降逆，凉血止血,用于眩晕耳鸣，呕吐，噫气，呃逆，喘息，吐血，翊血，崩漏下血,孕妇慎用。
蕤仁,Ruiren,PRINSEPIAE NUX, Prinsepia uniflora Batal.,蔷薇科,或齿叶扁核木、干燥成熟果核,,甘，微寒,归肝经, 疏风散热，养肝明目,用于目赤肿痛，睑弦赤烂，目暗羞明,
薪蛇,Qishe,AGKISTRODON, Agkistrodon acutus ,蜂科,、干燥体,, 甘、咸，温;有毒,归肝经,祛风，通络，止痉,用于风湿顽痹，麻木 拘挛，中风口眼喝斜，半身不遂，抽搐痉挛，破伤风，麻风，  疥癣,
梱寄生,Hujisheng,VISCI HERBA, Viscum coloratum （Komar. ） Nakai ,桑寄生科,干燥带叶茎枝,含紫丁香昔（冬 H24 O9）不得少 于,苦，平,归肝、肾经,祛风湿，补肝肾，强筋骨，安胎元,用于 风湿痹痛，腰膝酸软，筋骨无力，崩漏经多，妊娠漏血，胎动不 安， 头晕目眩,
暴马子皮,Baomazipi,SYRINGAE CORTEX, Syringa reticulata（BL ）Hara var. mandshurica （Maxim. ） Hara ,木犀科,干燥干皮或枝皮,含紫丁香昔（財 H24O9 ）不得少于 1. 0%。," 苦,微寒",归肺经,清肺祛痰，止咳平喘,用于咳喘痰多,
墨旱莲,Mohanlian,ECLIPTAE HERBA, Eclipta prostrata L.,菊科,干燥地上部分,含螃螟菊内酯（C16H12O7）不得少 于 0.,甘、酸，寒,归肾、肝经,滋补肝肾，凉血止血,用于肝肾阴虚，牙 齿松动，须发早白，眩晕耳鸣，腰膝酸软，阴虚血热吐血、蛔血、尿血，血痢，崩漏下血， 外伤出血,
稻芽,Daoya,ORYZAE FRUCTUS GERMINATUS,za sativa L.,禾本科,成熟果实经发芽干燥炮制加工品,,甘，温,归脾、胃经, 消食和中，健脾开胃,用于食积不消，腹胀口臭，脾胃虚弱，不饥食少,
僵蚕,Jiangcan,BOMBYX BATRYTICATUS, Carpesium abrotanoides L.,菊科,干燥成熟果实,,苦、辛，平;有小毒,归脾、胃经,杀虫消积,用于蛔虫病，蛻虫病， 绦虫 病， 虫积,
理白,Xiebai,CARPESII FRUCTUS, Bombyx mori Linnaeus ,蚕蛾科,45龄幼,,,,,,
鹤虱,Heshi,ALLII MACROSTEMONIS BULBUS, Allium macrostemon Bge.,百合科,或、干燥鳞茎,,辛、苦，温,归心、肺、胃、大肠经,通阳散结，行气导滞,用于胸痹心痛，胱 腹痞满胀痛，泻痢后重,
慧政仁,Yiyiren,COICIS SEMEN, Coix lacryma,禾本科,、刼,"含甘油三油酸酯（C57H104O6）,不得 少于 0.50%。",甘、淡，凉,归脾、胃、肺经, 利水渗湿，健脾止泻，除痹， 排脓，解毒散结,用于水肿，脚气， 小便不利，脾虚泄泻，湿痹拘挛，肺痈， 肠 痈，赘疣，癌肿,孕妇慎用。
薄荷,Bohe,MENTHAE HAPLOCALYCIS HERBA, Mentha haplocalyx Briq.,唇形科,干燥地上部分,挥发油不得少于 0. 80%（ml/g）。薄荷脑照气相色谱法（通则 0521）测定。, 辛，凉,归肺、肝经, 疏散风热，清利头目，利咽， 透疹，疏肝行气,用于风热感冒，风温初起，头痛，目赤，喉痹，口疮，风疹， 麻疹，胸胁胀闷,
颠茄草,Dianqiecao,BELLADONNAE HERBA, Atropa belladonna L.,茄科,干燥全草,含生物碱以蔑着碱(C” H23NO3)计 不,,,,,
橘红,Juhong,CITRI EXOCARPIUM RUBRUM, Citrus reticulata Blanco ,芸香科,及其栽培变种干燥外层果皮,",含橙皮昔（08 H34 0】5）不得少于 L 7%。", 苦，平,归肝、肾经, 理气，散结，止痛,用于疝气疼痛，睾丸 肿痛，乳痈乳癖,
橘核,Juhe,CITRI RETICULATAE SEMEN, Citrus reticulata Blanco ,芸香科,及其栽培变种干燥成熟种子,挥发油不得少于 2. 0%（ml/g）,苦、辛，温、燥、锐。,,温胃，消炎止痛,用于补胃阳，消化不良， 食物积滞，白喉，炭疽等,
藁本,Gaoben,LIGUSTICI RHIZOMA ET RADIX, Ligusticum sinense Oliv. ,伞形科,或辽藁本、干燥根茎和根,",含阿魏酸（ GOHMOQ 不得少于 0. 050%。", 辛，温,归膀胱经, 祛风，散寒， 除湿，止痛,用于风寒感冒， 巅顶疼痛，风湿痹痛,
檀香,Tanxiang,SANTALI ALBI LIGNUM, Santalum album L.,檀香科,树干干燥心材,挥发油不得少于 3. 0%（ml/g）。, 辛，温,归脾、胃、心、肺经, 行气温中，开胃止痛,用于寒凝气滞，胸 膈不舒，胸痹心痛，胱腹疼痛， 呕吐食少,
翼首草,Yishoucao,PTEROCEPHALI HERBA,,,, 含齐墩果酸（G。H48 O3）和熊果酸,苦，寒；有小毒。,, 解毒除瘟，清热止痢，祛风通痹,,
藕节,Oujie,NELUMBINIS RHIZOMATIS NODUS, Nelumbo nucifera Gaertn.,睡莲科,干燥根茎节部,,甘、涩，平,归肝、肺、胃经, 收敛止血，化瘀,"用于吐血，咯血，蛆血,",
覆盆子,Fupenzi,RUBI FRUCTUS, Rubus chingii Hu ,蔷薇科,干燥果实,含糅花酸（CM H6O8 ）不得少于 0. 20%。,甘、酸，温,归肝、肾、膀胱经, 益肾固精缩尿，养肝明目,用于遗精滑 精， 遗尿尿频，阳痿早泄， 目暗昏花,孕妇慎用。
瞿麦,Qumai,DIANTHI HERBA, Dianthus superbus L.,石竹科,或石竹、干燥地上部分,,,,,,
翻白草,Fanbaicao,POTENTILLAE DISCOLORIS HERBA, Potentilla discolor Bge.,蔷薇科,干燥全草,, 甘、微苦，平,归肝、胃、大肠经,清热解毒，止痢，止血,用于湿热泻痢， 痈肿疮毒， 血热吐通，便血，崩漏,
蟾酥,Chansu,BUFONIS VENENUM, Bufo bufo gargarizans Cantor ,蟾赊科,或黑眶蟾赊、干燥分泌物,含蟾毒灵（C24 H34。4）、华蟾酥毒基, 辛，温；有毒,归心经, 解毒，止痛，开窍醒神,用于痈疽疔疮， 咽喉肿痛， 中暑神昏，掰胀腹痛吐泻,孕妇慎用。
鳖甲,Biejia,TRIONYCIS CARAPAX, Trionyx sinensis Wiegmann ,鳖科,背甲,,咸，微寒,归肝、肾经,滋阴潜阳，退热除蒸，软坚散结,用于阴虚发热，骨蒸劳热，阴虚阳亢，头晕目眩，虚风内动，手足煥疯， 经闭，癥痕，久疟疟母,
麝香,She xiang,MOSCHUS, Moschus berezovskii Flerov ,鹿科,马麝、或原麝、成熟雄体香囊中干燥分泌物,含麝香酮(C16 H30 O )不得少 于 2.0%。, 辛，温,归心、脾经,开窍醒神，活血通经，消肿止痛,用于热 病神昏，中风痰厥，气郁暴厥，中恶昏迷，经闭，癥痕，难产死胎， 胸痹心痛，心腹暴痛， 跌扑伤痛，痹痛麻木，痈肿凛痂， 咽喉 肿痛,孕妇禁用。
丁香罗勒油,Dingxiangluole You,OCIMUM GRATISSIMUM OIL,Ocimum gratissimum L. ,唇形科,全草经水蒸气蒸馋提取挥发油,丁香酚（CwH12O2）不得少于65.0%。,,,,,
八角茴香油,Bajiaohuixiang You,STAR ANISE OIL,Illicium verum Hook. f.,木兰科,新鲜枝叶或成熟果实经水蒸气蒸储提取挥发油,反式茴香脑（Ci°H】2。）不得少于80.0%。,,,,,
人参茎叶总皂替,Renshen Jingye Zongzaogan,TOATAL GINSENOSIDE OF GINSENG STEMS AND LEAVES,Panax ginseng C. A. Mey.,五加科,干燥茎叶经加工制成总皂昔,含人参总皂昔以人参皂昔Re （C48 H82O18）计应为 75%〜95%。,,,,,
人参总皂昔,Renshen Zongzaogan,TOTAL GINSENOSIDE GINSENG ROOT,Panax ginseng C. A. Mey.,五加科,干燥根及根茎经加工制成总皂昔,含人参皂昔Rgi（C42 H72 Ou ）、人参 皂昔Re（C48H82O18）和人参皂昔Rd（C48 H82 O18 ）的总量计 应为15%〜25%。,,,,,
三七三醇皂昔,Sanqi Sanchunzaogan,NOTOGINSENG TRIOL SAPONINS,Panax notoginseng （Burk.） F. H. Chen,五加科,干燥根及根茎经加工制成提取物,"正己烷、甲苯、二甲苯、苯乙烯、二乙基苯和二乙烯 苯均不得过0. 002% ,苯不得过0. 0002% ",,,,,
三七总皂替,Sanqi Zongzaogan,NOTOGINSENG TOTAL SAPONINS,Panax notoginseng （ Burk.） F. H. Chen,五加科,主根或根茎经加工制成总皂昔,"苯不得过0.0002%,含正己烷、甲苯、对二甲苯、 邻二甲苯、苯乙烯、1,2-二乙基苯和二乙烯苯均不得过 0. 002%（供注射用）。",,,,,
大黄流浸膏,Dahuang Liujingao,RHUBARB LIQUID EXTRACT,,,,大黄素（C15H10O5）和大黄酚（C15 H10O4）的总量 不得少于0.45%。,,,,,
大黄浸膏,Dahuang Jingao,RHUBARB EXTRACT,,,,大黄素（C15H1 05 ）和大黄酚（Ch Hl O4 ）的总量 不得少于0.8%。,,,,,
山楂叶提取物,Shanzhaye Tiquwu,HAWTHORN LEAVE EXTRACT,Crataegus pinnatifida Bge. var. major N. E. Br. ,蔷薇科,或山楂、干燥叶经加工制成提取物,含总黄酮以芦丁（c27 h30 o】6）计;不 得少于80.0%。	-,,,,,
广蕾香油,Guanghuoxiang You,PATCHOULI OIL,Pogostemon cablin （Blanco） Benth.,唇形科,干燥地上部分经水蒸气蒸熠提取挥发油,,,,,,
丹参总酚酸提取物,Danshenzongfensuan Tiquwu,SALVIA TOTAL PHENOLIC ACIDS,Salvia miltiorrhiza Bge.,唇形科,干燥根及根茎经加工制成提取物,"含迷迭香酸（Ci8 H16 O8 ）不得少于 0. 50%,含丹酚酸B（C36H30O16）不得少于5, 0%。",,,,,
水牛角浓缩粉,Shuiniujiao Nongsuofen,POWERDERED BUFFALO HORN,Bubalus bubalis Linnaens,牛科,角半浓缩粉,含水溶性浸出物不得少于3.5%。,,,,,
甘箪流浸膏,Ganca。Liujingao,LICORICE LIQUID EXTRACT,,,,甘草酸（C42H62O16）不得少于1. 8% （g/ml）。,,,,,
甘草浸膏,Gancao Jingao,LICORICE EXTRACT,,,,"含甘草昔（C” H22 0,）不得少于 0.5%,甘草酸（C12H62OI6）不得少于7.0%.",,,,,
北豆根提取物,Beidougen Tiquwu,ASIATIC MOONSEED ROOT EXTRACT,Menis permum dauricum DC. ,防己科,干燥根茎经加工制成提取物,",含总生物碱以编蝠葛碱（喝氏、。。 计.应为22. 5%〜27. 5%。",,,,,
当归流浸膏,Danggui Liujingao,CHINESE ANGELICA LIQUID EXTRACT,,,,"阿魏酸（CI0H10O4）不得少于0. 016% （g/ml）。 ,【贮藏】 密封，置阴凉处。",,,,,
肉桂油,Rougui You,CINNAMON OIL,Cinnamomum cassia Presl,樟科,干燥枝叶经水蒸气蒸懐提取挥发油,桂皮醛（C9H8O）不得少于75.0%.,,,,,
灯盏花素,Dengzhanhuasu,BREVISCAPINE, Hig O,C21 Hig O12 462. 37 菊科,1246237本品为菊科植物短孳飞蓬、中提取分离所得,丙酮不得过0.5%。,,,,,
远志流浸膏,Yuanzhi Liujingao,POLYGALA LIQUID EXTRACT,Forsythia suspensa （Thunb.） Vahl,木犀科,干燥果实经加工制成提取物,"含连翘酯昔A（C29H36OI5）不得少于 6.0%,连翘昔（C"" H“OQ不得少于0.5%。",,,,,
牡荆油,Mujing You,VITEX OIL,Vitex negundo L. var. cannabifolia （Sieb. et Zucc. ） Hand. ,马鞭草科,、新鲜叶经水蒸气蒸憶提取挥发油,F-丁香烯（Gs H“）不得少于20. 0% .,,,,,
环维黄杨星D,Huanweihuangyangxing D,CYCLOVIROBUXINE,Buxus microphylla Sieb. et Zucc. var. sinica Rehd. et Wils.,黄杨科,及其同属植物中提取精制所得,含环维黄杨星D（Cz6 Hm NzO）不得 少于99. 0%。,,,,,
松节油,Songjie You,TURPENTINE OIL,,松科,,a -藻烯（C!H16）不得少于80.0%。,,,,,
刺五加浸膏,Ciwujia Jingao,ACANTHOPANAX EXTRACT,,,,水浸膏含紫丁香昔（C” H24O9）不得 少于0. 60%、含刺五加昔E（C34 H46O18）不得少于0. 30%、含 异嗪皮®（CnH10 Os）不得少于0. 10%；醇浸膏含紫丁香昔 （C17H24O9）不得少于0.50%、含刺五加昔E（C34H«O18）不 得少于0. 30%、含异嗪皮lg（Cu Hi。Os）不得少于0.12%。,,,,,
岩白菜素,Yanbaicaisu,BERGENIN,Sarcandra glabra （Thunb. ）Nakai,金粟兰科,干燥全株经加工制成浸膏,含岩白菜素（Cu H16 09 ）应为 97. 0%〜103.0%。,,,,,
茵陈提取物,Yinchen Tiquwu,CAPILLARY WORMWOOD EXTRACT, Artemisia scoparia Waldst. et Kit. ,菊科,或茵陈蒿、春季采收干燥地上部分绵茵陈经提取制成提取物,"含绿原酸（Gs H18 0,）不得少于 1.0%。",,,,,
茶 油,Cha You,TEA-SEED OIL,Camellia oleifera Abel,山茶科,或小叶油茶、成熟种子用压榨法得到脂肪油,,,,,,
香果脂,Xiangguo Zhi,SPICELEAF KERNEL OIL,Lindera communis Hemsl.,樟科,成熟种仁压榨提取得到固体脂肪或成熟种子压榨提取油脂经氢化后精制而成,,,,,,
姜流浸膏,Jiang Liujingao,GINGER LIQUID EXTRACT,Zingiber officinale Rose.,姜科,干燥根茎经加工制成流浸膏,醜溶性物质不得少于4.5%.,,,,,
莪术油,Ezhu You,ZEDOARY TURMERIC OIL,,,,含穿心莲内酯（C2oH3o05）应为 95.0%〜101.0%。,,,,,
核 油,An You,EUCALYPTUS OIL,Eucalyptus globulus Labill.,桃金娘科,樟科植物樟、或上述两科同属其他植物经水蒸气蒸馅提取挥发油,核油精（CI0H18O）不得少于70.0%（g/g）。,,,,,
积雪草总昔,Jixuecao Zonggan,CENTELLA TOTAL GLUCOSIDES,Centella asiatica （L. ）Urb.,伞形科,全草经加工制成总昔,含总昔以羟基积雪草#（C48H78O20） 和积雪草^（C48H78O19）的总量计不得少于55.0%。,,,,,孕妇禁用。
浙贝流浸膏,Zhebei Liujingao,THUNBERG FRITILLARY LIQUID,,,,,,,,,
益母草流浸膏,Yimucao Liujingao,LEONURUS LIQUID EXTRACT,Fritillaria thunbergii Miq. ,百合科,干燥鳞茎经加工制成流浸膏,,,,,,
黄藤素,Huangtengsu,FIBRIURETININ,Scutellaria baicalensis Georgi ,唇形科,干燥根经加工制成提取物,,,,,,
黄苔提取物,Huangqin Tiquwu,SCUTELLARIA EXTRACT,Fibraurea recisa Pierre.,防己科,干燥藤茎中提取得到生物碱,,,,,,
银杏叶提取物,Yinxingye Tiquwu,GINKGO LEAVES EXTRACT,Ginkgo biloba L.,银杏科,干燥叶经加工制成提取物,总银杏酸不得过10mg/kg,,,,,
麻 油,Ma You,SESAME OIL,Sesamum indicum L.,脂麻科,成熟种子用压榨法得到脂肪油,,,,,,
菌麻油,Bima You,CASTOR OIL,Ricinus communis L.,大戟科,成熟种子经榨取并精制得到脂肪油,,,,,,
满山红油,Manshanhong You,DAHURIAN RHODODENDRON LEAF OIL,Rhododendron dauricum L.,杜鹃花科,叶经水蒸气蒸慵提取挥发油,物牛儿酮（Gs H”O）不得少于20. 0%。,,,,,
薄荷素油,Bohesu You,PEPPERMINT OIL,haplocalyx Briq.,唇形科,新鲜茎和叶经水蒸气蒸俏冷冻部分脱脑加工提取挥发油,薄荷脑（GHzO）应为28.0%〜40.0%。,,,,,
薄荷脑,Bohenao,I - MENTHOL,Mentha haplocalyx Briq.,唇形科,新鲜茎和叶经水蒸气蒸慵冷冻重结晶得到一种饱和环状醇为、1甲基4异丙基环己醇3,薄荷脑（GHzO）应为95.0%〜105.0%。,,,,,
顺茄流浸膏,Dianqie Liujingao,BELLADONNA LIQUID EXTRACT,Atropa belladonna L.,茄科,干燥全草经加工制成流浸膏,总固体不得少于1. 7g.,,,,,
颠茄浸膏,Dianqie Jingao,BELLADONNA EXTRACT,Atropa belladonna L.,茄科,干燥全草经加工制成浸膏,,,,,,
